region,county,description
lake-superior,Ashland,"With just over 16 people per square mile, Ashland County is one of the least-populated counties in northern Wisconsin. More than half of its 1,043 square miles is either in the Chequamegon-Nicolet National Forest, or the Bad River Indian Reservation.<br><br>The county seat, Ashland (population 8,695), is the home of <strong>Timeless Timber</strong> (888/653-5647, www.timelesstimber.com), a uniquely Wisconsin company that salvages, saws, and sells 100-year-old logs from the bottom of Lake Superior. Nearby, the <strong>South Shore Brewery</strong> (715/682-9199, www.southshorebrewery.com) offers fun tours; call for times. Just west of town, the <strong>Northern Great Lakes Visitors Center</strong> (715/685-9983, www.northerngreat-lakescenter.org) was made for travelers offering trip planning, an observation tower, video presentations, and cultural and historic exhibits.<br><br>Twelve miles west of Mellen you can visit <strong>Morgan Falls</strong>. The falls drop 80-100 feet in an elegant cascade, diagonally traversing a dramatic 70-foot granite face."
lake-superior,Barron,"The Dakota and Chippewa Indians valued the land that is now Barron County for its clear, shallow lakes ringed with wild rice beds. European settlers valued it for its timber resources.<br><br>Rice Lake (population 7,998) straddles the beautiful Red Cedar River. It is the southern trailhead of the <strong>Wild Rivers State Trail</strong> (715/635-4490, www.wiparks.net), a limestone-surfaced railbed trail running north 40 miles to Solon Springs. Rice Lake is also the home of the <strong>J.C. Bearpaw Co.</strong> (715/236-7300, www.thebearpawcompany.com), a retail sporting goods store with a truly fascinating collection of bird, fish, and mammal mounts from around the world. The <strong>Red Barn Theater</strong> (888/688-3770) presents a summer season of professional theater.<br><br>Just south of town, the <strong>Pioneer Village Museum</strong> (715/458-2841) is a recreation of a logging era town displaying more than 400 items of historic interest.<br><br>In Chetek, visit <strong>Time & Again Antique Mall</strong> (715-924-4000, www.wisconsinantiques.com/timeandagain) or surround yourself with luxury at <strong>Canoe Bay Resort</strong> (715-924-4594, www.canoebay.com)."
lake-superior,Bayfield,"Bayfield County offers picturesque scenery from the Apostle Islands to the Chequamegon-Nicolet National Forest. The City of Bayfield is the gateway to the <strong>Apostle Islands National Lakeshore</strong> (www.nps.gov/apis), which includes 21 islands and a mainland section.<br><br>Big Bay State Park and the <strong>Madeline Island Historical Museum</strong> are located on Madeline Island, accessible by ferry. Cruises to the islands and their lighthouses operate from Bayfield.<br><br>Other attractions include the <strong>Bayfield Maritime Museum</strong>, Hauser’s Bayfield Winery, and Big Top Chautauqua. The Cable area in southern Bayfield County features the <strong>Cable Natural History Museum</strong> and over 300 miles of <strong>CAMBA Bike Trails</strong>."
lake-superior,Burnett,"Burnett County is a wonderful study in recreational diversity. Glacial lakes pock the eastern half of the county near Webb Lake; prime vacation area with fishing and water sports for everyone. Highway 35 bisects the county from Siren in the South to Danbury in the north. The <strong>Gandy Dancer State Trail</strong> (800/788-3164, www.burnettcounty.com), a 98-mile railbed trail from St. Croix Falls to Superior, parallels the highway. A highlight is the 520-foot bridge over the scenic St. Croix River just north of Danbury.<br><br>On the Yellow River five miles south of Danbury, you can visit <strong>Forts Folle Avoine</strong> (715/866-8890, www.theforts.org), an historic reconstruction of an 1800's fur trading outpost and Indian village. The complex includes an indoor museum and interpretive center.<br><br>Prairie landscapes and picturesque wetlands distinguish the western half of the county. North of Grantsburg, the 30,000-acre <strong>Crex Meadows Wildlife Area</strong> (715/463-2739, www.crexmeadows.org) is the state's largest remnant of the Northern Wisconsin Pine Barrens."
lake-superior,Douglas,"Douglas County's unspoiled landscape beckons with 431 lakes and the state tallest waterfall, 165-foot <strong>Big Manitou Falls</strong> in Pattison Sate Park (715/399-3111, www.wiparks.net), only a 12-mile drive south of Superior. Superior is the county's largest city (population 27,134) and the county seat. With its sister city Duluth, it is Lake Superior's busiest port. You can cruise the harbor aboard <strong>Vista Fleet Harbor Cruises</strong> (218/722-6218, www.vistafleet.com).<br><br>On Barker's Island, you can tour the <strong>S.S. Meteor Museum</strong> (715/394-5712, www.superiorpublicmuseums.org), the last remaining whale-back freighter on the Great Lakes. Built in 1891 for local lumber baron Martin Pattison, <strong>Fairlawn Mansion</strong> (715/394-5712, www.superiorpublicmuseums.org) is a 42-room Victorian jewel that today is the city's museum."
lake-superior,Florence,"Tucked into the far northeastern corner of the state, Florence County is about as wild and natural as Wisconsin gets. With a countywide population of just 5,088 people (just over ten per square mile), Florence County is largely unpopulated. Nearly half the county's natural charm is preserved in national and county forests. The 7,400-acre <strong>Spread Eagle Barrens State Natural Area</strong> is a birder's paradise. The Pine, Popple and Peshtigo Rivers are gems for whitewater canoeists.<br><br>These exceptional wilderness components combine each autumn to produce one of Wisconsin's best fall color opportunities.<br><br>The <strong>Wild Rivers Interpretive Center</strong> (888/889-0049, www.florencewisconsin.com) tells the story of this unique corner of Wisconsin. Its dioramas, murals, and interactive exhibits tell the story of the county's natural history. Stop at the center for driving directions, birding tips, and tourism information."
lake-superior,Forest,"Forest County and its near neighbors are aptly named, for they encompass 650,000 acres of the Chequamegon-Nicolet National Forest. Fully 75% of the county is national forestland, home to some of Wisconsin's finest wilderness. With a total of 10,024, the county population is just under ten people per square mile. The <strong>Forest County Potawatomi Museum</strong> and Cultural Center (715-478-7474, www.fcpotawatomi.com) in Crandon offers visitors four main sections to tour: the History of the Potawatomi, an interactive language exhibit, a display of different traditional elements, and a display of the heritage of the present-day tribe.<br><br>Just east of Crandon, at Laona, you can travel back in time at the <strong>Lumberjack Special Steam Train & Camp Five Museum</strong> Complex (800/774-3414, www.camp5museum.org). This authentic 19th-century logging camp, farm, and store also offers fun steam train rides, pontoon, and surrey rides, an animal corral, and nature center."
lake-superior,Iron,"Saxon Harbor Road: A quiet road seldom used. The traveler has many opportunities to park along the roadside and walk quietly looking at the woodlands, ferns, and wildflowers. Many species of northern birds such as thrushes, warblers, hawks, and woodpeckers are numerous and easy to spot. Deer and bears may be seen in the early morning or late afternoons as they cross the road. At Saxon Harbor, loons and Bald Eagles are common and sunsets are spectacular. This is a great location for hiking, fishing, and wildlife observation. Directions: From Saxon in northern Iron County, travel west 4.5 miles on Hwy 2, then turn north on Harbor Drive and continue to Saxon Harbor on Lake Superior."
lake-superior,Langlade,"Langlade County is a near-perfect mix of woods and water. Laced with more than 700 wilderness lakes, 400 miles of Class I trout streams, and the fabulous whitewater of the <strong>Wolf River</strong>, it's a place for kayaks and fly rods. Antigo is the county seat and the home of <strong>Mepps Fishing Lures</strong> (715/623-2382, www.mepps.com); tours of the plant and a display of all 4,000 Mepps models are offered at Sheldon's, Inc. (715/623-2382, www.mepps.com).<br><br>On the eastern side of the county, the pristine <strong>Wolf River</strong> traverses the county north-to-south. The river is a powerful magnet that annually draws thousands of whitewater rafters, canoeists, and kayakers. Several outfitters in the White Lake area rent all the gear necessary for a day of adventure on the river. Just east of White Lake, <strong>Bear Paw Outdoor Adventure Resort</strong> (715/882-3502, www.bearpawoutdoors.com) offers a unique mix of sport shop, equipment rental, instruction, accommodations, and restaurant."
lake-superior,Lincoln,"The Wisconsin River flows through Lincoln County, nearly bisecting it into equal halves. Abundant water resources web the northern half of the county with Lake Nokomis, Lake Mohawksin, and the Spirit River Flowage all contributing to the Wisconsin River system. The city of Tomahawk anchors the area – a natural vacation destination for boaters and anglers. On display at the local chamber of commerce office is a world record-setting Black Bear and Muskellunge. Nearby, the <strong>Tomahawk Area Historical Center</strong> (715/453-2056, www.gototomahawk.com) displays local history in a log cabin museum and 1880's schoolhouse.<br><br>To the south, <strong>Merrill</strong> straddles the scenic Wisconsin River. Enjoy a walking tour of the city's historic home district. The Lincoln County Courthouse displays many local historical exhibits, as does the nearby <strong>Merrill Historical Museum</strong> (715/536-5652, www.ci.merrill.wi.us). West of town, <strong>Council Grounds State Park</strong> (715/536-8773, www.wiparks.net), tucked into a sweeping curve of the Wisconsin River, is a favorite of water enthusiasts."
lake-superior,Oneida,"When you look at a map of Oneida County, you'll swear there's more water than land. With 1,100 lakes, it's easy to understand why Oneida County has been one of Wisconsin's top vacation destinations for more than 100 years.<br><br>In the northwestern part of the county, the greater Minocqua area is synonymous with family fun. Tour the beautiful <strong>Willow Flowage</strong> aboard a sightseeing or dinner excursion offered by Wilderness Cruises (800/472-1516, www.wildernesscuises.com). Take the kids to <strong>Peck's Wildwood Wildlife Park & Nature Center</strong> (715/356-5588, www.peckswildwood.com) where they can pet a porcupine, feed a deer, and see hundreds of other woodland creatures. Sheer's <strong>Lumberjack Shows</strong> (715/634-6923, www.sheerslumberjackshow.com) features exciting competition in log rolling, chopping, sawing, and climbing.<br><br>In the southeast, Rhinelander preserves its timber history at the <strong>Logging Museum Complex</strong> (715/369-5004, www.rhinelanderchamber.com), a full-scale reproduction of a 19th-century logging camp with a narrow-gauge railroad. In the northeast, you can enjoy tours and tastings at the <strong>Three Lakes Winery</strong> (800/944-5434, www.fruitwine.com)."
lake-superior,Polk,"Wisconsin's first state park, <strong>Interstate State Park</strong> (715/483-3747, www.wiparks.net), is located just south of St. Croix Falls in western Polk County. The park is famous for its stunning bluff-top views of the St. Croix River and its unusual glacial formations.<br><br>St. Croix Falls is also the headquarters of the St. Croix National Scenic Riverway (715/483-3284, www.nps.gov/sacn). The riverway traces the St. Croix and Namekagon Rivers for more than 250 miles. Staff at the riverway's new multi-million-dollar interpretive center will help you plan an exciting canoe adventure on the river. The <strong>St. Croix Festival Theatre</strong> (888/887-6002, www.festivaltheatre.org) offers a professional, seven-show repertoire.<br><br>Just a few miles south in Osceola you can visit <strong>Cascade Falls</strong>, a small but very picturesque waterfall located just a block off Main Street. You can also enjoy a ride along the sandstone bluffs of the St. Croix River aboard a steam or diesel-powered train operated by the <strong>Osceola & St. Croix Valley Railway</strong> (800/711-2591, www.trainride.org)."
lake-superior,Price,"With 300,000 acres of unspoiled public land, Price County holds many attractions for visitors. Park Falls in northern Price County is one of two headquarters for the 1.5-million-acre Chequamegon-Nicolet National Forest (715/762-2461, www.fs.fed.us/r9/cnnf). Just to the south, Fifield's logging history is preserved at the <strong>Old Town Hall Museum</strong> (800/269-4505, www.pricecountywi.net). Just south of town, the <strong>Smith Rapids Covered Bridge</strong> on the South Fork of the Flambeau River is a popular recreation of the town lattice design.<br><br>At Phillips in the center of the county, a fascinating collection of folk art can be found at the <strong>Wisconsin Concrete Park</strong> (800/269-4505, www.pricecountywi.net); whimsical concrete creations festooned with stones, shells and bits of broken glass. In the southeastern corner of the county, near Ogema, stands <strong>Timm's Hill</strong>, at 1,951.5 feet above sea level, the highest point in the state. The view from the observation tower is particularly stunning in autumn."
lake-superior,Rusk,"Rusk County's wealth of natural resources, ecological diversity and abundant wildlife have made the area a top destination for outdoors enthusiasts and nature buffs. The picturesque Blue Hills in northwestern Rusk County provide recreational opportunities year-round, including the 27-mile Blue Hills section of the Ice Age Trail. The county's rivers — the Chippewa, Flambeau, Thornapple and Jump — offer varied canoeing challenges, great for both the pro and the novice. Many of the crystal-clear streams that feed these rivers are ideal trout habitat.<br><br>At Ladysmith, the county seat, the <strong>Rusk County Visitors Center</strong> is housed in the city's old railway depot — complete with a static display of a diesel locomotive and several historic passenger and freight cars. The <strong>Rusk County Historical Society Museum</strong> (800/535-7875) includes eleven buildings with a little red schoolhouse and an old wooden jail."
lake-superior,Sawyer,"Sawyer County is dominated by the water resources in its northwestern quadrant, including the 15,000-acre <strong>Chippewa Flowage</strong> and 5,000-acre <strong>Lac Courte Oreilles</strong>. Hayward, the county seat, is perhaps best known as the home of the <strong>National Fresh Water Fishing Hall of Fame</strong> (715/634-4440, www.freshwater-fishing.org). With lots of farm animals, Northwoods animals, deer, a cougar, a Siberian Tiger and more, the <strong>Wilderness Walk Zoo & Recreation Park</strong> (715/634-2893, www.hayward-lakes.com/wildernesswalk.htm) is another great family idea. Bring your clubs; Hayward fancies itself the 'Golf Capital of Wisconsin' with eighteen courses within an hour's drive of the city.<br><br>To the east, Winter is the headquarters of the <strong>Flambeau River State Forest</strong> (715/332-5271, www.wiparks.net), 90,000 acres of wilderness with ATV and biking trails, boating, fishing, hiking and 60 campsites."
lake-superior,Taylor,"The Chequamegon-Nicolet National Forest covers more than one-third of Taylor County, providing unlimited opportunities for hiking, camping, bird and wildlife watching, fishing and hunting. The county’s 100 lakes, including the <strong>Mondeaux Flowage</strong>, add another dimension of water recreation.<br><br>In Medford, the county seat, you can visit the <strong>Taylor County Historical Museum</strong> (715/748-3808, www.medfordwis.com) featuring local history, including logging and the military history of the 724th engineering battalion. The city is also the southern trailhead for the <strong>Pine Line Recreation Trail</strong> (800/269-4505, www.medfordwis.com), a 26-mile railbed trail that runs north to Prentice in Price County. In Gilman City Park you can cross the Yellow River on a swinging bridge, the only surviving swinging bridge in the state. West of Rib Lake, visit the <strong>Gerstberger Pines</strong> for a look at a true remnant of old-growth forest. The county also boasts sixty miles of the Ice Age Trail, the trail's longest unbroken stretch."
lake-superior,Vilas,"Vilas County spreads across the top of Wisconsin like a blue and green patterned-carpet. With more than 1,300 lakes, 73 rivers and streams, and a half-million acres of forestland, the county is the heart of Wisconsin's famous Lakeland Vacationland. In Manitowish Waters, the <strong>North Lakeland Discovery Center</strong> (877/543-2085, www.discoverycenter.net) offers skill programs and 20 kilometers of trails for hiking, biking, X-C skiing, snowshoeing and wildlife watching. The 200,000-acre <strong>Northern Highland/American Legion State Forest</strong> (715/385-2727, www.wiparks.net) is headquartered in Boulder Junction.<br><br>The <strong>Vilas County Historical Society Museum</strong> (715/542-3388, www.northern-wisconsin.com/museum/index.html) in Sayner displays the world's first snowmobile. In Eagle River, bring the kids to the <strong>Northwoods Children's Museum</strong> (715/479-4623, www.northwoodschildrensmuseum.com) for family fun in their mini-log cabin and fishing pond."
lake-superior,Washburn,"Some 900 lakes sparkle within the borders of Washburn County in northwestern Wisconsin. In Spooner, you can ride in elegant, refurbished railroad cars dating from 1910-30 on the <strong>Wisconsin Great Northern Railroad</strong> (715/635-3200, www.spoonertrainride.com). Spooner is also the home of the <strong>Railroad Memories Museum</strong> (715/635-3325, www.spoonerwi.com), displaying railway artifacts, photos, videos, equipment, and model trains in the former C&NW depot. You can tour the largest musky-rearing hatchery in the world; the <strong>Governor Tommy G. Thompson State Fish Hatchery</strong> (715/635-4147, www.spoonerwi.com).<br><br>In Shell Lake, just south of Spooner, the <strong>Museum of Woodcarving</strong> (715/468-7100, www.washburncounty.com) displays 100 life-sized carvings depicting the life of Christ, including 'The Last Supper.' In Trego, just north of Spooner, arrange to canoe or 'tube' down the scenic <strong>Namekagon River</strong>."
mississippi,Buffalo,"Buffalo County's tourism focus is a string of four charming small towns along the Mississippi River. You can catch them all simply by driving Hwy. 35.<br><br>Start with Fountain City in southern Buffalo County. The town offers pleasant vistas of the river from its characteristic terraced gardens. Nearby, 550-foot Eagle Bluff is the highest point on the Upper Mississippi. Just north of town, <strong>Merrick State Park</strong> is small (320 acres, 69 campsites) but a haven for river anglers (608/687-4936, www.wiparks.net).<br><br>Buffalo City/Cochrane is the gateway to terrific birding in the <strong>Whitman Dam State Natural Area</strong>. The <strong>Prairie Moon Museum & Sculpture Garden</strong>, a fanciful, concrete-sculpted wonderland, is located just south of town (608/687-8250, www.kohlerfoundation.org/rusch.html).<br><br>The riverfront town of Alma has only two streets, but they stretch for seven miles beneath the steep bluffs of the Mississippi. The city's <strong>Buena Vista Park</strong> sits atop those bluffs and offers spectacular views. <strong>Lock & Dam No. 4</strong> is a popular spot to watch the river's barge traffic. Just north of town, across the Buffalo River, the observation deck at <strong>Rieck's Lake Park</strong> gets crowded in the fall with birders watching the migration of Tundra Swans.<br><br>In Nelson, northern Buffalo County, visitors are drawn to the famous <strong>Nelson Cheese Factory</strong>, offering cheddar, Colby, Monterey Jack, and fresh cheese curds (715/673-4725)."
mississippi,Chippewa,"When you come birding in Chippewa County, bring all your other outdoor gear as well — bikes, boats, snowmobiles, ATVs, hiking boots, cross-country skis. You can use it all here.<br><br><strong>Lake Wissota</strong> and <strong>Brunet Island State Parks</strong> total 150 campsites between them; the <strong>Old Abe State Trail</strong> offers 20 miles of railbed biking and hiking; and the <strong>Chippewa Moraine Recreation Area</strong> is a trailhead and interpretive center for the 1,000-mile <strong>National Ice Age Trail</strong>.<br><br>In the northeastern corner of the county, <strong>Lake Holcombe</strong> is a perennial summer playground with 3,890 acres of water fun. <strong>Lake Wissota</strong> in the southwest spans 6,300 acres and is renowned for its bass and walleye fishing.<br><br>On the western shore of Lake Wissota sits Chippewa Falls, the county seat. Visit the Jacob <strong>Leinenkugel Brewing Company</strong> for tours and tastings (888/534-6437, www.leinie.com). Other tours include the grand <strong>Cook-Rutledge Mansion</strong>, built in 1873, a fine example of High Victorian-Italianate architecture (715/723-7181, www.chippewachamber.org)."
mississippi,Crawford,"Knit together by meandering rivers and trout-filled streams, Crawford County in southwestern Wisconsin is awash in history.<br><br>Prairie du Chien, the county seat, straddles the confluence of the Mississippi and Wisconsin Rivers. Stop at the <strong>Wisconsin Welcome Center</strong> (608/326-2241, www.travelwisconsin.com) for trip planning and free brochures.<br><br>Prairie du Chien's rich history is captured in sites like the gracious <strong>Villa Louis</strong>, the Victorian country estate of the Dousman family (866/944-7483, www.wisconsinhistory.org/villalouis). Visit the <strong>Fort Crawford Museum</strong> to explore pre-Civil War history (608/326-6960, www.fortcrawfordmuseum.com).<br><br>Outdoor enthusiasts will enjoy browsing Cabela's (608/326-5600, www.cabelas.com). About twelve miles upstream, just south of Lynxville, stop at <strong>Lock & Dam No. 9</strong> to watch river traffic.<br><br>In Wauzeka, tour the subterranean wonders of <strong>Kickapoo Indian Caverns</strong>, Wisconsin's largest caverns (608/875-7723, www.kickapooindiancaverns.com)."
mississippi,Dunn,"Dunn County is a nice blend of tourism, agriculture, and industry.<br><br>Menomonie, the county seat, is anchored by <strong>UW-Stout</strong> and the historic <strong>Mabel Tainter Memorial Theatre</strong>, a lovingly restored 1889 masterpiece offering an art gallery, reading room, and theater (800/236-7675, www.mabeltainter.com). The <strong>Russell J. Rassbach Heritage Museum</strong> showcases Dunn County history (715/232-8685, www.discover-net.net/~dchs).<br><br>The <strong>Wakanda Water Park</strong> offers summer relief with waterslides and fountains.<br><br>The <strong>Red Cedar River</strong> is popular for tubing, and bikers can enjoy the 14-mile <strong>Red Cedar State Trail</strong> connecting to the Chippewa River State Trail (715/232-1242, www.wiparks.net). Stop at Downsville to explore <strong>Empire in Pine</strong>, a lumber-era museum (715/664-8690, www.discover-net.net/~dchs)."
mississippi,Eau Claire,"According to legend, French voyageur Jonathan Carver first shouted 'L'Eau Claire' ('clear water') in 1767, giving name to the county, city, and river. Today, the county’s ten lakes and 161 miles of trout streams maintain that 'clear water' legacy.<br><br>In the city of Eau Claire, the county seat, <strong>Carson Park</strong> is a 134-acre gem housing the <strong>Chippewa Valley Museum</strong> (715/834-7871, www.cvmuseum.com) and the authentic <strong>Paul Bunyan Logging Camp</strong> (715/835-6200, www.paulbunyancamp.org).<br><br>For dinner and a show, visit the <strong>Fanny Hill Victorian Inn and Dinner Theatre</strong> (800/292-8026, www.fannyhill.com).<br><br>East of the city, Augusta offers a glimpse into Amish culture. Handcrafted Amish goods can be found at <strong>The Wood Shed</strong> (715/286-5404). Nearby, the historic <strong>Dells Mill</strong>, built in 1864, showcases 19th-century flour milling in an all-wooden structure (715/286-2714)."
mississippi,Grant,"Grant County fills the southwestern corner of Wisconsin where the Mississippi River sculpts the state's border in a great sweeping 'S' turn. The attractions here are many.<br><br>Start your trip at the <strong>Wisconsin Welcome Center</strong> on Hwy 151/61 just north of the Hwy 11 interchange (608/748-4484, www.travelwisconsin.com).<br><br>Along the Mississippi, stop in Dickeyville at the remarkable <strong>Dickeyville Grotto</strong> (608/568-3119, www.dickeyville.com). North of there, in Potosi, you can don a hard hat and tour the <strong>St. John Lead Mine</strong> (608/763-2121).<br><br>Drive on to Cassville to camp along the bluffs at <strong>Nelson Dewey State Park</strong> (608/725-5374, www.wiparks.net) or visit <strong>Stonefield</strong>, a replica of an 1890s Wisconsin village (866/944-7483, www.wisconsinhistory.org/stonefield).<br><br>In the far northwestern corner of the county, enjoy the sweeping views from the bluffs of <strong>Wyalusing State Park</strong> (888/947-2757, www.wiparks.net).<br><br>In Fennimore, visit the <strong>Fennimore Doll and Toy Museum</strong> (888/867-7935) and the <strong>Fennimore Railroad Museum</strong> with its steam engine and miniature train ride (800/822-1131).<br><br>In Platteville, home of UW-Platteville, tour the <strong>Mining Museum & Rollo Jamison Museum</strong> where you can descend into an 1845 lead mine and ride a 1931 mine train (608/348-3301, www.platteville.com)."
mississippi,Jackson,"With nearly a third of its land in state and county forests, Jackson County is a recreational bonanza in the center of the state.<br><br><strong>Black River State Forest</strong> alone covers 67,000 acres offering horseback riding, mountain biking, ATV, snowmobiling, hiking, and X-C ski trails, plus 98 family campsites (715/284-4103, www.wiparks.net).<br><br>County forestlands cover another 118,000 acres with many camping and day-use options. There are 100 miles of ATV/motorcycle trails.<br><br><strong>Wazee Lake Recreation Area</strong> includes a 355-foot deep former mine pit lake — Wisconsin's deepest — now a top scuba diving destination.<br><br>Black River Falls, the county seat, is home to <strong>Majestic Pines Hotel, Bingo & Casino</strong> (800/657-4621, www.mpcwin.com) and the <strong>Pioneer Brewing Company</strong> in the historic 1856 Oderholz Brewery building (715/284-7553, www.cuttingedge.net/~pioneer)."
mississippi,La Crosse,"Much of La Crosse County is a maze of steep ridgelines and valleys known as 'coulee country,' left untouched by the last glacier.<br><br>In La Crosse, visit the <strong>Wisconsin Welcome Center</strong> on I-90 eastbound (608/783-6403, www.travelwisconsin.com).<br><br>Atop the bluffs, <strong>Grandad Bluff Park</strong> offers stunning views of Wisconsin, Minnesota, and Iowa.<br><br>Enjoy river cruises aboard the <strong>La Crosse Queen</strong> (608/784-8523, www.greatriver.com/laxqueen) or the <strong>Julia Belle Swain</strong> (800/815-1005, www.juliabelle.com).<br><br>Tour the historic <strong>City Brewery</strong> (608/785-4283, www.citybrewery.com), visit <strong>Hixon House</strong> (608/782-1980), or take the kids to the <strong>Children’s Museum of La Crosse</strong> (608/784-2652, www.childmuseumlax.org).<br><br>Just north of I-90, Onalaska is the central trailhead for the <strong>Great River State Trail</strong> and the <strong>La Crosse River State Trail</strong> (608/781-9570, www.wiparks.net)."
mississippi,Pepin,"Pepin County is defined by Lake Pepin, a 28-mile-long, three-mile-wide bulge in the Mississippi River — one of the Upper Mississippi's most popular sailing and boating sections.<br><br>Pepin is also famous as the birthplace of <strong>Laura Ingalls Wilder</strong>. Visit the <strong>Laura Ingalls Wilder Museum</strong> (800/442-3011, www.pepinwisconsin.com) and the wayside replica of her 'Little House.'<br><br>In September, <strong>Laura Days</strong> celebrates her legacy with readings, look-alike contests, and food.<br><br>The <strong>Pepin Depot Museum</strong> (715/442-6501, www.pepinwisconsin.com) preserves the town’s logging, steamboating, and railroad history.<br><br>Further inland, follow the Chippewa River to Durand, the county seat, home to boat launches, a golf course, a swimming pool, and the western trailhead for the 29.5-mile <strong>Chippewa River State Trail</strong> (888/523-3866, www.wiparks.net)."
mississippi,Pierce,"Pierce County is rivers — seven rivers and eight creeks, to be exact.<br><br>Fishing action is good on the Mississippi River, while the Kinnickinnic and Rush Rivers are two of the Midwest's finest trout waters.<br><br>Prescott, where the St. Croix meets the Mississippi, is a scenic spot with great views from <strong>Mercord Mill Park</strong>. Visit the city's <strong>Welcome & Heritage Center</strong> for local history and travel information (715/262-3284, www.prescottwi.com).<br><br>In northwest Pierce County, boaters love <strong>Kinnickinnic State Park</strong> where the sandy delta meets the Mississippi (715/425-1129, www.wiparks.net).<br><br>In the northeast, explore <strong>Crystal Cave</strong> near Spring Valley — Wisconsin’s longest cave, open April through October (800/236-2283, www.cavern.com/crystalcave)."
mississippi,St. Croix,"St. Croix County is Wisconsin's western gateway.<br><br>At Hudson, I-94 links the Twin Cities to Wisconsin’s lake country. Stop at the <strong>Wisconsin Welcome Center</strong> (715/386-2571, www.travelwisconsin.com).<br><br>Hudson is known for boating, fishing, Victorian homes, and attractions like the <strong>Octagon House Museum</strong> (715/386-2654) and the <strong>Phipps Center for the Arts</strong> (715/386-2305, www.thephipps.org).<br><br>North of Hudson, Somerset is the tubing capital of Wisconsin — enjoy a lazy float on the <strong>Apple River</strong>.<br><br>In New Richmond, the <strong>Heritage Center</strong> preserves local history (888/320-3276, www.pressenter.com/~nrpsinc/).<br><br>In Star Prairie, visit the <strong>Star Prairie Trout Farm</strong> and catch your own brook or rainbow trout (715/248-3633, www.starprairietrout.com)."
mississippi,Trempealeau,"Trempealeau County is the Mississippi River — and a whole lot more.<br><br>The City of Trempealeau is the county's only municipality on the river. From an observation platform, you can watch river traffic 'lock-through' at <strong>Lock & Dam No. 6</strong>.<br><br>Just west of town, <strong>Perrot State Park</strong> offers 1,270 acres of hiking, fishing, and 98 campsites (608/534-6409, www.wiparks.net). Climb 500-foot <strong>Brady's Bluff</strong> for incredible views.<br><br>West of Perrot, explore the 5,000-acre <strong>Trempealeau National Wildlife Refuge</strong> (608/539-2311, www.fws.gov/midwest/trempealeau).<br><br>North of the river, apple orchards surround Galesville.<br><br>Along the western border, Arcadia is home to the Ashley Furniture Company and the impressive <strong>Memorial Park</strong> featuring the <strong>Avenue of Heroes Walk</strong>.<br><br>Whitehall, in the center of the county, has a historic town square, a golf course, and aquatic center.<br><br>Osseo, in the northeast, is famous for the original <strong>Norske Nook</strong> pies."
mississippi,Vernon,"Vernon County is the heart of southwestern Wisconsin's 'Coulee Country,' famous for its excellent trout fishing.<br><br>Along the Mississippi River, visit <strong>Blackhawk Park & Recreation Area</strong> near De Soto (608/623-2707) — one of the largest river campgrounds with 150 campsites.<br><br>Further north, watch river traffic at <strong>Lock & Dam No. 8</strong> near Genoa.<br><br>Inland, Westby celebrates its Norwegian heritage. Stop at <strong>Ocooch Mountain Acres</strong> for organic maple syrup and candy (800/253-3997, www.ocoochmountainacres.com).<br><br>Viroqua, the county seat, offers an 18-hole golf course, indoor aquatics center, and specialty shopping.<br><br>The <strong>Kickapoo River</strong> winds through eastern Vernon County — a favorite for canoeists.<br><br>Explore <strong>Wildcat Mountain State Park</strong> for great river valley views and campsites (608/337-4775, www.wiparks.net).<br><br>The <strong>Kickapoo Valley Reserve</strong> offers 8,569 acres of recreation, camping, and horseback trails (608/625-2960, http://kvr.state.wi.us)."
lake-michigan,Brown,"Brown County frames the southern end of the Bay of Green Bay. The Fox River bisects the City of Green Bay, a site where Jean Nicolet first stepped ashore in 1634.<br><br>Green Bay is best known for the <strong>Green Bay Packers</strong>. Visit the <strong>Packer Hall of Fame</strong> at Lambeau Field (888/442-7225, www.packers.com).<br><br>Railroad enthusiasts will love the <strong>National Railroad Museum</strong> — the nation's oldest and largest (920/437-7623, www.nationalrrmuseum.org).<br><br>Downtown, the <strong>Neville Public Museum</strong> displays two floors of regional history and art (920/448-4460, www.nevillepublicmuseum.org).<br><br>Nearby, <strong>Heritage Hill State Park</strong> interprets four eras of history using 25 historic buildings (800/721-5150, www.heritagehillgb.org).<br><br>Kids will enjoy <strong>Bay Beach Amusement Park</strong> with dozens of affordable rides (920/448-3365, www.greenbay.com).<br><br>South of town, try your luck at <strong>Oneida Bingo & Casino</strong> (800/238-4263, www.oneidabingoandcasino.net) or explore the <strong>Oneida Nation Museum</strong> (920/869-2768, www.oneidanation.org)."
lake-michigan,Door,"With more state parks (five), lighthouses (ten), and shoreline (250 miles) than any other county, Door County is a premier destination.<br><br>Known for its fish boils — fresh whitefish cooked in a fiery climax — Door County also shines with its performing arts, galleries, and charming accommodations.<br><br>In Sturgeon Bay, tour the <strong>Door County Maritime Museum</strong> celebrating the county's nautical history (920/743-5958, www.dcmm.org).<br><br>The <strong>Miller Art Museum</strong> showcases Wisconsin artists (920/746-0707, www.doorcountyarts.com).<br><br>In Fish Creek, <strong>Peninsula Players Theatre</strong> is America's oldest resident summer theater (920/868-3287, www.peninsulaplayers.com).<br><br>Catch a double-feature at the <strong>Skyway Drive-In Theater</strong> (920/854-9938).<br><br>At Gills Rock, take the <strong>Washington Island Ferry</strong> to explore a Finnish-rooted island community (800/223-3094, www.wisferry.com).<br><br>Visit <strong>Jacobsen's Museum</strong> in an original log cabin (920/847-2213)."
lake-michigan,Kenosha,"Located in Wisconsin’s far southeastern corner, Kenosha County hosts one of the state's <strong>Wisconsin Welcome Centers</strong> on I-94 (exit 347) — offering free maps, brochures, and advice.<br><br>The city of Kenosha offers recreation and history. Ride the <strong>Kenosha Transit Electric Streetcar</strong> through four historic districts and the new marina (262/653-4287, www.kenoshacvb.com).<br><br>Tour the <strong>Kenosha Public Museum</strong> featuring mammoth exhibits (262/653-4140, www.kenoshapublicmuseum.org) or the <strong>Kenosha History Center</strong> and restored <strong>Southport Light Station</strong> (262/654-5770, www.kenoshahistorycenter.org).<br><br>Nearby Pleasant Prairie boasts the <strong>Jelly Belly Center</strong> (866/868-7522, www.jellybelly.com).<br><br>Shop Prime Outlets (262/857-2101) and The Original Outlet Mall (262/857-7961).<br><br>Don't miss the <strong>Bristol Renaissance Faire</strong> held July–Labor Day (847/395-7773, www.renfair.com)."
lake-michigan,Kewaunee,"Kewaunee County is steeped in maritime tradition. The ports of Kewaunee and Algoma feature breakwater piers, lighthouses, and bustling fishing fleets.<br><br>Algoma is a trailhead for the 30-mile <strong>Ahnapee State Trail</strong> between Casco and Sturgeon Bay (920/746-9959, www.wiparks.net). Stroll downtown and visit the <strong>von Stiehl Winery</strong> for local cherry wines (800/955-5208, www.vonstiehl.com).<br><br>In Kewaunee, the <strong>Marquette Historic District</strong> boasts 40 homes on the National Register.<br><br>Tour the WWII tugboat <strong>Ludington</strong> in the harbor (920/388-5000, www.kewaunee.org).<br><br>Visit Winter Park for summer biking or winter skiing (800/666-8214).<br><br>Watch salmon and trout fight upstream at the <strong>Besadny Anadromous Fish Facility</strong> during the fall run (920/388-1025)."
lake-michigan,Manitowoc,"Founded in the 1830s, both Two Rivers and Manitowoc boast proud maritime histories.<br><br>In Two Rivers, sample an authentic <strong>ice cream sundae</strong> at the <strong>Historic Washington House</strong> (920/793-2490).<br><br>Visit the <strong>Historic Rogers Street Fishing Village Museum</strong> with its 1886 lighthouse and shipwreck exhibits (920/793-5905, www.rogersstreet.com).<br><br>North of town, <strong>Point Beach State Forest</strong> offers beaches, campsites, and hiking trails (920/794-7490, www.wiparks.net).<br><br>In Manitowoc, explore the <strong>Wisconsin Maritime Museum</strong> and tour the WWII submarine USS Cobia (866/724-2356, www.wisconsinmaritime.org).<br><br>Downtown, admire works at the <strong>Rahr-West Art Museum</strong> (920/683-4501, www.rahrwestartmuseum.org).<br><br>Tour the <strong>Natural Ovens Bakery</strong> for a behind-the-scenes look at their breads and pastries (800/558-3535, www.naturalovens.com)."
lake-michigan,Marinette,"<strong>Marinette County</strong> bills itself as the 'Waterfall Capital of Wisconsin.' Only a small corner of the county fronts on the Bay of Green Bay; the balance of the county sweeps north and west across 1,500 square miles of woods and water. Criss-crossed with miles of wild rivers and streams, the county is blessed with nine waterfalls and excellent whitewater rafting and canoeing.<br><br><strong>Marinette</strong>, the county seat, is the home of the <strong>Marinette County Historical Museum</strong> (715/732-0831). Located on Stephenson Island in the Menominee River, the museum's excellent exhibits detail the region's lumbering and maritime history. Stop at the <strong>Wisconsin Welcome Center</strong> in Marinette for local and statewide travel information (715/732-4333, www.travelwisconsin.com, open seasonally).<br><br>Seven miles to the southwest, visit the <strong>Peshtigo Fire Museum</strong> (715/582-3244, www.peshtigochamber.com). In 1871 a firestorm destroyed the town killing 1,200. When the town was rebuilt, the survivors preserved this grim history in the museum.<br><br>Follow the <strong>Peshtigo River</strong> northwest through the county about 40 miles to the <strong>High Falls</strong> and <strong>Caldron Falls Flowages</strong>. Along the south shore of the flowage is Wisconsin's newest state park, the 2,600-acre <strong>Governor Tommy G. Thompson Centennial State Park</strong> (715/757-3979, dnr.wi.gov/org/land/parks). The park includes about 6.5 miles of undeveloped shoreline on the flowage, as well as several cold, clear trout streams. Local whitewater rafting outfitters include <strong>Kosir's Rapid Rafts</strong> (715/757-3431, www.kosirs.com) and <strong>Thornton's Whitewater Rafting</strong> (715/757-3311, www.thorntonsresort.com)."
lake-michigan,Milwaukee,"<strong>Milwaukee County</strong> is Wisconsin's most urban; the metro area includes a dozen suburban communities from Brown Deer and Bayside on the north to Oak Creek and Franklin on the south. It's a busy place, filled with plenty of interesting attractions.<br><br>Art lovers have four wonderful venues to choose from: the spectacular <strong>Milwaukee Art Museum</strong> (414/224-3200, www.mam.org), the <strong>Charles Allis Art Museum</strong> (414/278-8295, www.cavtmuseums.org), the <strong>Haggerty Museum of Art</strong> on the campus of Marquette University (414/288-1669, www.marquette.edu/haggerty), and the <strong>Villa Terrace Decorative Arts Museum</strong> (414/271-3656, www.cavtmuseums.org).<br><br>For fun on the lakeshore, visit <strong>Discovery World at Pier Wisconsin</strong> (414/765-9966, www.pierwisconsin.org). This fabulous new 120,000 square foot facility offers interactive exhibits, a Lakefront Amphitheater, and 360-degree views of Lake Michigan and the city, and gives Wisconsin's <strong>S/V Denis Sullivan</strong> a home.<br><br>Tours of the <strong>Harley-Davidson Factory</strong> in Wauwatosa (877/883-1450, www.harley-davidson.com) are a must, as are the <strong>Miller Brewing Company</strong> (800/944-5483, www.millerbrewing.com), the <strong>Milwaukee County Zoo</strong> (414/771-5500, www.milwaukeezoo.org), the <strong>Milwaukee Public Museum</strong> (414/278-2700, www.mpm.edu), and the <strong>Mitchell Park Conservatory Domes</strong> (414/649-8126, www.countyparks.com). And if you're feeling lucky, visit <strong>Potawatomi Bingo & Casino</strong> (800/729-7244, www.paysbig.com)."
lake-michigan,Oconto,"<strong>Oconto County</strong> offers more than 1,000 square miles of recreational opportunities from Green Bay on the east to the Nicolet National Forest on the west. With four mountain bike trail systems, 350 miles of coldwater trout streams, and 50 miles of X-C ski trails, the county is ripe for adventure.<br><br><strong>Oconto</strong>, on the lakeshore, is the county seat. It is also the site of <strong>Copper Culture State Park</strong>, a small day-use park that preserves an Indian burial ground from the Copper Culture about 6,000 years ago, the oldest cemetery site in Wisconsin (920/746-5112, dnr.wi.gov/org/land/parks). Near the entrance to the park, the <strong>Copper Culture Museum</strong> offers a small but intriguing exhibit of copper culture artifacts (920/834-6254).<br><br>Nearby, the <strong>Beyer Historic Home</strong>, built in 1868, has been completely restored and furnished in 1890's well-to-do Victorian fashion (920/834-6206, www.ocontocountyhistsoc.org). The <strong>Museum Annex</strong> contains Copper Culture artifacts, old Main Street Oconto store exhibits, carriages, and old electric cars.<br><br>In the northwestern corner of the county near Lakewood, the <strong>Holt & Balcolm Logging Camp</strong> is the oldest logging camp in North America, built on this site in 1880 (715/276-7769). Restored and operated by the McCauslin Lions Club, it is listed on the National Register of Historic Places. Nearby, the <strong>Wisconsin DNR</strong> operates the <strong>Lakewood Rearing Station</strong> that produces tens of thousands of rainbow and brown trout fingerlings annually (715/276-6066)."
lake-michigan,Ozaukee,"<strong>Ozaukee County</strong> is a pleasant transition from suburban Milwaukee in the south to the open farmlands of the north. If you like biking, the <strong>Interurban Bike Trail</strong> is a great way to see the county; thirty miles of paved trail connecting every major city in the county (800/403-9898, www.interurbantrail.us).<br><br>With its Art Deco-style lighthouse and picturesque harbor, <strong>Port Washington</strong> is a perfect place to launch a day of sportfishing on Lake Michigan. The county courthouse, with its gold-plated dome, is an architectural gem. The <strong>Port Washington Lightstation Museum</strong>, in a restored 1869 lighthouse, displays the city's maritime and pioneer history (262/284-7240, www.portwashingtonhistoricalsociety.org).<br><br>Twelve miles to the north, <strong>Harrington Beach State Park</strong> offers a mile-long sandy beach on Lake Michigan popular with swimmers on hot, summer days (262/285-3015, dnr.wi.gov/org/land/parks).<br><br>In south-central Ozaukee County, historic <strong>Cedarburg</strong> with its 150-year-old limestone buildings, antique shops, and covered bridge is a step back in time. Shop dozens of specialty stores at <strong>Cedar Creek Settlement</strong> (866/626-7005, www.cedarcreeksettlement.com) and taste the vintage at <strong>Cedar Creek Winery</strong> (800/827-8020, www.cedarcreekwinery.com). The <strong>Cedarburg Cultural Center</strong> offers a series of changing art exhibits (262/375-3676, www.cedarburgculturalcenter.org).<br><br>In nearby <strong>Grafton</strong>, the kids will love <strong>The Family Farm</strong> with its petting zoo of barnyard animals from two-pound chickens to 2,000-pound Belgian draft horses (262/377-6161, www.familyfarm.net)."
lake-michigan,Racine,"Located on Lake Michigan between the Chicago and Milwaukee metro areas, <strong>Racine County</strong> is a delightful blend of rural heartland and lakefront city.<br><br>The City of <strong>Racine</strong> owes much to the <strong>S.C. Johnson</strong> family and to famed Wisconsin architect <strong>Frank Lloyd Wright</strong>. The Johnsons built their Johnson Wax empire in Racine, while Frank Lloyd Wright built the company's <strong>Administrative Building</strong>, a marvel of innovative structure and style for the past seventy years (262/260-2154, www.visitracine.org).<br><br>Downtown, the <strong>Racine Art Museum (RAM)</strong>, opened in 2003, features one of North America's most significant collections of contemporary crafts (262/638-8300, www.ramart.org).<br><br>Along the lakefront, the city's <strong>Wind Point Lighthouse</strong>, built in 1880, is the tallest and oldest still in service on the Great Lakes. While not open for tours, the graceful white spire is an unparalleled photo opportunity.<br><br>Also on the lakeshore, the <strong>Racine Zoological Gardens</strong> is a little gem; more than 300 animals, a petting zoo, and free admission (262/636-9189, www.racinezoo.org).<br><br>In western Racine County, a trio of family attractions is perfect for kids. In <strong>Waterford</strong>, both the <strong>Bear Den Petting Zoo & Farm</strong> (262/895-6430, www.beardenzoo.com) and <strong>Green Meadows Farm</strong> (262/534-2891, www.greenmeadowsfarmwi.com) offer farm animals, petting zoos and pony rides. In nearby <strong>Burlington</strong>, amaze the kids with gyroscope and yo-yo tricks at the <strong>Spinning Top Exploratory Museum</strong> (262/763-3946, www.topmuseum.org)."
lake-michigan,Sheboygan,"With the lakeshore on its east and the sprawling, 30,000-acre <strong>Kettle Moraine State Forest</strong> on its west, <strong>Sheboygan County</strong> has lots to offer.<br><br><strong>Sheboygan's</strong> beautiful lakefront beaches are flanked by a new marina and the new <strong>Blue Harbor Resort</strong> featuring a 40,000 square foot indoor waterpark (866/701-2583, www.blueharborresort.com).<br><br>Kids will also love the <strong>Above & Beyond Children's Museum</strong> (920/458-4263, www.abkids.org) and the 2.5 miles of sandy beach at <strong>Kohler-Andrae State Park</strong> (920/451-4080, dnr.wi.gov/org/land/parks).<br><br>The <strong>John Michael Kohler Arts Center</strong> offers eleven galleries of contemporary art (920/458-6144, www.jmkac.org).<br><br>Nearby <strong>Kohler</strong> is known for golf and toilets. <strong>Kohler</strong> is the home of <strong>The American Club</strong> whose facilities include a pair of world-class golf courses, <strong>Blackwolf Run</strong> and <strong>Whistling Straits</strong>, host of the 2004 PGA Championship (800/344-2838, www.destinationkohler.com).<br><br>The city is also home to the <strong>Kohler Company</strong>, the world's largest manufacturer of bathroom fixtures (920/457-3699, www.kohlerco.com).<br><br>Western Sheboygan County is blessed with the glacial terrain of the <strong>Northern Unit of the Kettle Moraine State Forest</strong> (262/626-2116, dnr.wi.gov/org/land/parks). Enjoy hiking, biking, swimming and spectacular scenery. Just north of the forest in <strong>Greenbush</strong>, tour the 1850's <strong>Wade House Stagecoach Inn</strong> and the <strong>Wesley Jung Carriage Museum</strong> (866/944-7483, www.wisconsinhistory.org)."
southern-savannah,Dane,"With nearly 500,000 people, <strong>Dane County</strong> is one of Wisconsin’s most populous areas, second only to <strong>Milwaukee County</strong>.<br><br>Surrounded by four lakes — <strong>Mendota</strong>, <strong>Monona</strong>, <strong>Waubesa</strong> and <strong>Kegonsa</strong> — <strong>Madison</strong> is both the county seat and state capitol. The magnificent dome of the <strong>Wisconsin State Capitol Building</strong> dominates the central city and is always open to visitors (www.wisconsin.gov, 608/266-0382).<br><br>On the Capitol Square, the <strong>Wisconsin Veterans Museum</strong> exhibits the state’s military history from the Civil War to Desert Storm (www.museum.dva.state.wi.us, 608/267-1799). Also on the Square, the <strong>Wisconsin Historical Museum</strong> offers three floors of state heritage from prehistoric Indian culture to contemporary social issues (www.wisconsinhistory.org/museum, 608/264-6555).<br><br>At the other end of the city’s fabled State Street is the <strong>University of Wisconsin</strong>. Here you can tour the <strong>Chazen Museum of Art</strong> (www.chazen.wisc.edu, 608/263-2246).<br><br>Visitors to the city will also enjoy the 1,260-acre <strong>UW Arboretum</strong> (uwarboretum.org, 608/263-7888), the <strong>Henry Vilas Zoo</strong> (www.vilaszoo.org, 608/266-4733), the <strong>Madison Museum of Contemporary Art</strong> (www.mmoca.org, 608/257-0158), and the fabulous <strong>Thai Pavilion at Olbrich Botanical Gardens</strong> (www.olbrich.org, 608/246-4550).<br><br>To the west, <strong>Mt. Horeb</strong> offers attractions like the world’s largest collection of mustard (over 3,100 varieties) at the <strong>Mt. Horeb Mustard Museum</strong> (800/438-6878, www.mustardmuseum.com).<br><br>Nearby, the <strong>Cave of the Mounds</strong> offers fascinating subterranean tours daily (608/437-3038, www.caveofthemounds.com). Also nearby, <strong>Little Norway</strong> recreates an 1856 Norwegian farmstead and Stavkirke (608/437-8211, www.littlenorway.com)."southern-savannah,Dodge,"Any birder worth their binoculars knows that Dodge County is the home of the <strong>Horicon National Wildlife Refuge</strong> – the largest freshwater cattail marsh in the country. It is one of the continent’s best bird watching destinations attracting 270 avian species each year.<br><br>The marsh’s 32,000 acres are managed in two sections: the northern 21,000 acres by the <strong>US Fish & Wildlife Service</strong> (www.fws.gov/midwest/horicon, 920/387-2658), and the southern 11,000 acres by the <strong>Wisconsin DNR</strong> (dnr.wi.gov, 920/387-7860). Both operate visitor centers with wildlife programs, observation towers, and interpretive exhibits.<br><br>On the south end of the marsh in Horicon, <strong>Horicon Marsh Boat Tours/Blue Heron Landing</strong> offers further access to this magnificent wildlife area via guided tours aboard a 28-foot pontoon boat (www.horiconmarsh.com, 800/814-4474). On the north end, <strong>Marsh Haven Nature Center</strong> just outside of Waupun offers interpretive displays, exhibits, an observation tower, and hiking/biking trails (www.marshhaven.com, 920/324-5818).<br><br>Fifteen miles south of Waupun in Beaver Dam, the <strong>Dodge County Historical Museum</strong> exhibits include tributes to local veterans, famous residents (Fred MacMurray), even a 1902 Rambler automobile (www2.powercom.net/~dchs/Index.htm, 920/887-1266).<br><br>Nearby, <strong>Nancy’s Notions Retail Store</strong> sells sewing notions featured on PBS’s famous “Sewing with Nancy” program (www.nancys-notions.com, 800/725-0361)."
southern-savannah,Green,"Green County says 'Willkommen' in so many ways. Amid the county’s rolling hills, Swiss emigrants from the Canton of Glarus first settled in 1845. Of course, they named their community <strong>New Glarus</strong>. Today, New Glarus bills itself as America’s 'Little Switzerland.' The Swiss heritage here manifests itself in the architecture, the music, the folk art, the beer and the cheese – above all, the cheese.<br><br>For a craft-brewing bonanza, tour the <strong>New Glarus Brewing Co.</strong> and sample their “Spotted Cow” (www.newglarus-brewing.com, 608/527-5850). Downtown, the <strong>Swiss Historical Village Museum</strong> displays the area’s pioneer life and Swiss heritage in fourteen historic buildings (www.swisshistoricalvillage.org, 608/527-2317). Just south of town, <strong>New Glarus Woods State Park</strong> offers 32 family campsites (www.wiparks.net, 608/527-2335) as well as direct access to the <strong>Sugar River State Trail</strong>, a 24-mile railbed biking trail running south to Brodhead (www.wiparks.net, 608/527-2334).<br><br>In southern Green County, <strong>Monroe</strong> is famous for its charming downtown that spreads out around its courthouse square. It is equally famous for its cheese factories that welcome visitors with samples and retail sales. The history of 'Green County Gold' is on display at the <strong>Historic Cheesemaking Center</strong> in the restored Monroe Depot (www.greencounty.org, 608/325-4636). You can also tour the <strong>Minhas Craft Brewery</strong>, the oldest continually operated brewery in the Midwest, producing the award-winning lagers and ales of the Berghoff label (www.minhasbrewery.com, 608/325-3191)."
southern-savannah,Iowa,"South of Spring Green, Hwy 23 crosses the Wisconsin River into Iowa County to three of the state’s most popular attractions. <strong>Frank Lloyd Wright’s Taliesin Visitor Center</strong> is the start of tours to the famed architect’s Wisconsin home (877/588-7900, www.taliesinpreservation.org). Just to the east on Golf Course Road, <strong>American Players Theatre</strong> performs a summer season of Shakespeare and other classics in an outdoor amphitheater (608/588-2361, www.playinthewoods.org). A few miles further south on Hwy 23 is the <strong>House on the Rock</strong>, Wisconsin’s most popular single attraction – an eclectic collection of fantasy and imagination (800/947-2799, www.thehouseontherock.com).<br><br><strong>Dodgeville</strong>, the county seat, preserves its history with its elegant, but unpretentious county courthouse. Built in 1859, it is the oldest courthouse still in use in the state. Three miles north of the city, <strong>Governor Dodge State Park</strong> is the state’s second largest with 5,000 acres of fun, a pair of man-made lakes, and 270 family campsites (608/935-2315, www.wiparks.net).<br><br>To the south, miners from Cornwall, England were among the first to settle <strong>Mineral Point</strong>. Some of their homes are preserved at <strong>Pendarvis</strong>, a Wisconsin Historical Society site that offers tours led by costumed interpreters (866/944-7483, www.pendarvishistoricsite.org). More local history is displayed at the <strong>Orchard Lawn Museum</strong>, a Civil War-era Italianate mansion (608/987-2884, www.mineralpoint.com)."
southern-savannah,Jefferson,"Smaller than most, Jefferson County is large in fun things to do and see.<br><br>If you like to bike, the <strong>Glacial Drumlin State Trail</strong> transects Jefferson County east-to-west (920/648-8774, www.wiparks.net). This 52-mile railbed trail runs from Waukesha to Cottage Grove, a Madison suburb. Nearly half the trail is in Jefferson County.<br><br>In western Jefferson County, <strong>Lake Mills</strong> straddles the Glacial Drumlin State Trail. This charming Victorian community also graces the shores of Rock Lake. Nearby, <strong>Aztalan State Park</strong> is one of the most important archaeological sites in the state – a stockaded village of the Middle Mississippian Indian culture (920/648-8774, www.wiparks.net). The <strong>Aztalan Museum</strong>, near the park, offers a pioneer village museum with log and brick churches, 1840's cabins and a school (920/648-4632).<br><br>To the east, at the intersection of Hwy 26 and I-94, <strong>Johnson Creek Premium Outlets</strong> is a popular destination for bargain shoppers (920/699-4111, www.premiumoutlets.com/johnsoncreek). The mall houses more than 60 name brand outlet stores.<br><br>To the south, <strong>Fort Atkinson</strong> was once the home of Wisconsin governor W.D. Hoard, considered the father of dairy farming in the state. His former home is now the <strong>Hoard Historical Museum & National Dairy Shrine</strong> (920/563-7769, www.hoardmuseum.org). Today, the city is best known as the home of the popular <strong>Fireside Dinner Theatre</strong>, staging five professional musicals each year (800/477-9505, www.firesidetheatre.com)."
southern-savannah,Lafayette,"Lafayette County lies within the unglaciated area of Wisconsin in the driftless region bordering the State of Illinois. With an area of 643 square miles, it has a population of just over 16,000.<br><br>The first European settlers came here in 1824 to work the area's many surface lead mines. Lafayette County was formed in 1847 when the Legislature divided Iowa County into two separate counties. The southern portion became Lafayette County, named after Marquis de Lafayette, hero of the Revolutionary War.<br><br>While agriculture is the county's leading enterprise, recreation and tourism are growing. The <strong>Cheese Country Trail</strong> and other club trails welcome horse, ATV and snowmobile riders. The eastern half of the county includes some excellent cold-water trout streams.<br><br><strong>Yellowstone Lake State Park</strong> in the northeastern corner of the county is a popular destination with 128 family campsites, good fishing and a nice swimming beach (608/523-4427, www.wiparks.net).<br><br>In the northwest corner of the county, tiny <strong>Belmont</strong> was the state's First Capitol for one session of the territorial legislature in 1836 (608/987-2122, www.firstcapitol.org).<br><br>To the south, tour the <strong>Badger Mine & Museum</strong> in <strong>Shullsburg</strong> where you can descend 51 steps into a lead mine hand-dug in 1827 (608/965-4424, www.shullsburgwisconsin.org)."
southern-savannah,Richland,"Bordered on the south by the Wisconsin River, Richland County is a maze of ridgelines and valleys. This is the driftless area of Wisconsin — a corner of the state not bulldozed by the last great Wisconsin glacier.<br><br>Creeks and streams and rivers drain the valleys of Richland County. Most are spring-fed, cold-water streams that hold brown and brook trout. Their names are as colorful as their fish: <strong>Gault Hollow Creek</strong>, <strong>John Hill Creek</strong>, <strong>Dieter Hollow Creek</strong> and <strong>Fancy Creek</strong> to name but a few. This is fly-fishing heaven where you can literally fish a different creek every week of the season.<br><br><strong>Richland Center</strong> is the county seat. The <strong>Starlite 14 Drive-In Theater</strong> is one of only a few outdoor theaters left in Wisconsin (608-647-3669).<br><br>Downtown, the <strong>Valley Antique Mall</strong> offers three floors of antiques and collectibles (608/647-3793). Also downtown, the <strong>Court Street Commercial Historic District</strong> encompasses 69 buildings.<br><br><strong>Krouskop Park</strong> includes an excellent 9-hole disc golf course. On the <strong>Pine River Recreation Trail</strong>, you can bike 15.8 miles from Richland Center to Lone Rock along a lazy river (800/422-1318, www.richland-chamber.com). Along the way, you'll cross 15 bridges, including a 241-foot-long span."
southern-savannah,Rock,"The <strong>Rock River</strong> is the dominant terrain feature of Rock County. It flows south out of Lake Koshkonong to the Illinois border, bisecting the county and its two largest cities, <strong>Janesville</strong> and <strong>Beloit</strong>.<br><br>With 2,000 acres of scenic parkland along the river, <strong>Janesville</strong> is truly 'Wisconsin's Park Place.' A visitor favorite is the <strong>Rotary Gardens</strong> (608/752-3885, www.rotarygardens.org).<br><br>Nearly twenty percent of Wisconsin's National Register buildings are in Janesville, including the <strong>Lincoln-Tallman House</strong> (800/577-1859, www.rchs.us).<br><br>On summer evenings, the <strong>Rock Aqua Jays</strong> waterski team puts on shows at Traxler Park (800/487-2757, www.rockaquajays.org).<br><br>Five miles northeast, visit the <strong>Milton House Museum</strong> (608/868-7772, www.miltonhouse.org), a former Underground Railroad station.<br><br>In southern Rock County, <strong>Beloit</strong> is home to <strong>Beloit College</strong> and the <strong>Logan Museum of Anthropology</strong> (608/363-2677, www.beloitcollege.edu/logan) and the <strong>Angel Museum</strong> (608/362-9099, www.angelmuseum.com). West of town, the <strong>Beckman Mill</strong> is a working gristmill (608/362-4703, www.beckmanmill.org)."
southern-savannah,Sauk,"The Wisconsin River forms much of Sauk County’s eastern and southern borders.<br><br><strong>Wisconsin Dells/Lake Delton</strong> in the northeast is a tourism legend for river rides, waterparks, and amusements (www.wisdells.com, 800/223-3557).<br><br>Seven miles south, <strong>Baraboo</strong> is home to the new <strong>Aldo Leopold Legacy Center</strong> (608/355-0279, www.aldoleopold.org) and <strong>Circus World Museum</strong> (866/693-1500, www.circusworldmuseum.com).<br><br>South of Baraboo, <strong>Devil's Lake State Park</strong> offers bluff-top views, swimming, kayaking, and 407 family campsites (608/356-8301, www.wiparks.net).<br><br>West in <strong>North Freedom</strong>, the <strong>Mid-Continent Railway Museum</strong> offers summer diesel train rides (800/930-1385, www.midcontinent.org).<br><br>At <strong>Merrimac</strong>, you can take the free <strong>Merrimac Ferry</strong> across the river (608/246-3806, www.dot.wisconsin.gov).<br><br>Across the river, the <strong>Wollersheim Winery</strong> offers tastings at Wisconsin’s oldest winery (800/847-9463, www.wollersheim.com)."
southern-savannah,Walworth,"<strong>Walworth County's</strong> glacial legacy includes lakes and the Southern Kettle Moraine.<br><br><strong>Geneva Lake</strong> is the largest. Along its shores, <strong>Lake Geneva</strong> has been a resort area since the Civil War. See the grand mansions aboard a <strong>Lake Geneva Cruise Line</strong> tour (800/558-5911, www.cruiselakegeneva.com).<br><br>The world's largest lens-type telescope is housed at <strong>Yerkes Observatory</strong> in <strong>Williams Bay</strong> (262/245-5555, astro.uchicago.edu/yerkes).<br><br>Kids will love <strong>Lake Geneva Animal Gardens</strong> (262/728-8200, www.animalgardens.com) and <strong>Watson's Wild West Museum</strong> (262/723-7505, www.watsonswildwestmuseum.com).<br><br>To the north in <strong>East Troy</strong>, ride a trolley on the <strong>East Troy Electric Railroad</strong> (262/642-3263, www.easttroyrr.org)."
southern-savannah,Washington,"With the Kettle Moraine to the north and Milwaukee to the south, <strong>Washington County</strong> is a rich blend of industry and recreation.<br><br>In <strong>West Bend</strong>, visit the <strong>Museum of Wisconsin Art</strong> (262/334-9638, www.wbartmuseum.com) and the <strong>Old Courthouse Square Museum</strong> (262/335-4678, www.historyisfun.com).<br><br>To the east, the <strong>Riveredge Nature Center</strong> preserves 370 acres along the Milwaukee River (800/287-8098, www.riveredge.us).<br><br>In <strong>Hartford</strong>, the <strong>Wisconsin Automotive Museum</strong> displays Kissel, Nash and Pierce-Arrow cars (262/673-7999, www.wisconsinautomuseum.com).<br><br>Nearby, the <strong>Pike Lake Unit</strong> of the Kettle Moraine State Forest offers campsites and an observation tower (262/670-3400, www.wiparks.net).<br><br>Travelers also visit the <strong>Shrine of Mary at Holy Hill</strong> near <strong>Hubertus</strong> (262/628-1838, www.holyhill.com).<br><br>In <strong>Germantown</strong>, <strong>Dheinsville Historic Park</strong> preserves old-world German heritage (262/628-3170, www.visitwashingtoncounty.com)."
southern-savannah,Waukesha,"Metro-Milwaukee meets rural Wisconsin in <strong>Waukesha County</strong>. The eastern half of the county is suburban Milwaukee; the western half is known as <strong>lake country</strong> with eight large lakes and 22,000 acres of the <strong>Southern Unit of the Kettle Moraine State Forest</strong> (262/594-6200, www.wiparks.net).<br><br>The <strong>Waukesha County Historical Society & Museum</strong> is housed in the old county courthouse on Main Street (262/251-2859, www.waukeshacountymuseum.org). Built in 1893, this Romanesque beauty exhibits local and regional history.<br><br>West of town, the <strong>Retzer Nature Center</strong> is a 403-acre refuge ideal for birding (262/896-8007, www.waukeshacounty.gov/parks).<br><br>West in <strong>Delafield</strong>, tour the grounds of <strong>St. John's Northwestern Military Academy</strong> (800/752-2338, www.sjnma.org).<br><br>South of town, the <strong>Lapham Peak Unit of the Kettle Moraine State Forest</strong> offers a spectacular view from its observation tower (262/646-3025, www.wiparks.net).<br><br>Southwest near <strong>Genesee Depot</strong>, visit <strong>Ten Chimneys</strong>, the Wisconsin retreat of Broadway legends Alfred Lunt and Lynn Fontanne (262/968-4110, www.tenchimneys.org).<br><br>Near <strong>Eagle</strong>, visit <strong>Old World Wisconsin</strong>, a collection of 60 historic buildings operated by the Wisconsin Historical Society (866/944-7483, www.oldworldwisconsin.org)."
central-sands,Adams,"When the last glacier swept through Wisconsin 12,000 years ago, it spared the southwestern corner including <strong>Adams County</strong>.<br><br>The landscape is graced by spires and mesas like <strong>Ship Rock</strong>, <strong>Friendship Mound</strong>, <strong>Rabbit Rock</strong>, <strong>Roche-A-Cri</strong>, and <strong>Lone Rock</strong>.<br><br>The western border includes two impounded lakes: <strong>Petenwell Lake</strong> and <strong>Castle Rock Flowage</strong>. At 23,040 and 13,955 acres respectively, they are havens for water recreation.<br><br>Near <strong>Friendship</strong>, visit <strong>Roche-A-Cri State Park</strong> (608/339-6881, www.wiparks.net), featuring a 300-foot rock outcropping, Native American petroglyphs, 41 campsites, and hiking trails."
central-sands,Calumet,"Occupying much of the eastern shore of <strong>Lake Winnebago</strong>, <strong>Calumet County</strong> features rolling farms, limestone cliffs, and wetlands.<br><br>The prominent <strong>Niagara Escarpment</strong> runs through the county, beginning in New York and arcing west.<br><br>Camp atop the escarpment at <strong>High Cliff State Park</strong> (920/989-1106, www.wiparks.net), with 112 campsites, Indian effigy mounds, and a beach and marina.<br><br>Learn more at the <strong>Ledge View Nature Center</strong> near <strong>Chilton</strong> (920/849-7094, www.co.calumet.wi.us), featuring an observation tower, caves, arboretum, trails, and interactive exhibits."
central-sands,Clark,"Seventeen percent of <strong>Clark County</strong> is county forest — 133,000 acres of recreation.<br><br>The forest includes ATV trails, motorcycle trails at <strong>Knobby Ridge</strong>, and biking/skiing trails at the <strong>Levis/Trow Mound Recreational Area</strong>.<br><br>In <strong>Neillsville</strong>, visit the <strong>1897 Jail Museum</strong> (715/743-6444, www.clark-cty-wi.org/JailMuseum.htm) and the <strong>Wisconsin Pavilion</strong> (715/743-3333, www.clark-cty-wi.org/Pavilion.htm), originally built for the 1964-65 New York World's Fair.<br><br>The <strong>Highground Veterans Memorial Park</strong> honors America’s veterans with sculptures and overlooks 500,000 acres of woodland scenery (715/743-4224, www.thehighground.org)."
central-sands,Fond du Lac,"Located at the foot of <strong>Lake Winnebago</strong>, <strong>Fond du Lac County</strong> borders prime birding territory.<br><br>West of town, visit <strong>Ripon</strong>, home of the Republican Party's <strong>Little White Schoolhouse</strong> (920/748-6764, www.ripon-wi.com) and <strong>Larson's Famous Clydesdales</strong> (920/748-5466, www.larsonsclydesdales.com).<br><br>In <strong>Fond du Lac</strong>, take a cruise aboard the <strong>Lakeside Spirit</strong> (800/937-9123, www.fdl.com), explore <strong>Lakeside Park</strong>, or tour the <strong>Galloway House & Village</strong> (920/922-1166, www.fdl.com/history).<br><br>South of town, hike or bike the <strong>Wild Goose State Trail</strong> skirting the western edge of <strong>Horicon Marsh</strong> (920/929-3135, www.wiparks.net)."
central-sands,Green Lake,"<strong>Green Lake County</strong> is dominated by <strong>Green Lake</strong> and <strong>Lake Puckaway</strong>.<br><br><strong>Green Lake</strong> is deep (237 feet) and excellent for trout and walleye fishing. <strong>Lake Puckaway</strong> is shallow but rich in waterfowl.<br><br>The <strong>City of Green Lake</strong> is a long-standing tourism destination. Ride <strong>The Escapade</strong> catamaran from <strong>Heidel House Resort</strong> (800/444-2812, www.heidelhouse.com).<br><br>The area is also known for premier golf courses: <strong>Lawsonia</strong>, <strong>Mascoutin</strong>, and <strong>Tuscumbia</strong>.<br><br>To the north, explore <strong>Berlin</strong> and <strong>Nathan Strong Park</strong>. To the west, visit <strong>Princeton's</strong> boutiques and legendary flea markets. To the south, stop at <strong>Markesan's Grand River Valley Museum</strong> (920/398-3554)."
central-sands,Juneau,"The northern third of <strong>Juneau County</strong>, above Hwy. 21, is dominated by the 43,000-acre <strong>Necedah National Wildlife Refuge</strong> (608-565-2551, www.fws.gov/midwest/necedah). Whooping Cranes, Sandhill Cranes, and Trumpeter Swans call Necedah home, as do gray wolves and Karner blue butterflies.<br><br>The central third of the county, between I-90/94 and Hwy. 21, is farm field and lowland forest drained by the Yellow and Lemonweir Rivers. To the east, <strong>Buckhorn State Park</strong> occupies 7,000 acres on the shores of Castle Rock Lake (608/565-2789, www.wiparks.net). To the west, <strong>Mill Bluff State Park</strong> straddles the Juneau/Monroe County line (608/427-6692, www.wiparks.net).<br><br>The southern third of the county, below I-90/94, is part of Wisconsin's “driftless” area. It boasts three terrific railbed bike trails: the <strong>Elroy-Sparta State Trail</strong> (888/606-2453, www.elroywi.com), the <strong>400 State Trail</strong> (800/844-3507, www.wiparks.net), and the <strong>Omaha County Trail</strong> (608/847-9389, www.400statetrail.org)."
central-sands,Marathon,"<strong>Marathon County</strong> is Wisconsin's largest county, covering 1,545 square miles. It is largely agricultural land, ranking second in the state for milk production and number of dairy herds. It also leads the nation and world in the production of dry ginseng root.<br><br>The county is bisected by the Wisconsin River, providing water for mills and creating reservoirs like <strong>Big Eau Pleine Reservoir</strong> and <strong>Lake DuBay</strong>.<br><br><strong>Wausau</strong>, the county seat, is home to the <strong>Leigh Yawkey Woodson Art Museum</strong> (715/845-7010, www.lywam.org) and <strong>Hsu's Ginseng Enterprises</strong> (800/826-1577, www.hsuginseng.com). Southwest of town, <strong>Rib Mountain State Park</strong> offers hiking, skiing, and stunning views (715/842-2522, www.wiparks.net). The <strong>Marathon County Historical Museum</strong> is housed in a beautiful Victorian mansion (715/842-5750, www.marathoncountyhistory.com)."
central-sands,Marquette,"<strong>Marquette County</strong> boasts only a single stoplight across its 455 square miles.<br><br>The county is named for French explorer Father Jacques Marquette. Settlers dammed the Fox River at <strong>Montello</strong> creating <strong>Buffalo Lake</strong>, a crescent-shaped hub of recreation.<br><br>Montello, the county seat, was once famous for its red granite, used in the tombs of Ulysses Grant and Robert E. Lee.<br><br>South of Montello, you can tour <strong>Bison Ridge Ranch</strong> (608-589-5500, www.bisonridgeranch.com) and see nearly 300 bison.<br><br>Near <strong>Westfield</strong>, the <strong>MH Ranch</strong> (608-296-2171, www.mhranch.com) breeds miniature horses less than 34 inches tall — a great photo-op stop!"
central-sands,Menominee,"<strong>Menominee County</strong> is entirely within the <strong>Menominee Indian Reservation</strong>. The reservation covers 234,000 acres and is home to about 4,000 tribal members.<br><br>The Menominee people are national leaders in sustainable forestry — 95% of the county is forested.<br><br>Highlights include the <strong>Wolf River</strong> (24 miles designated as wild river), 128 lakes, and scenic rivers like the Evergreen, Oconto, Red, and Wolf Rivers.<br><br>Visitor attractions include waterfalls, <strong>Spirit Rock</strong>, the <strong>Menominee Logging Museum</strong>, the <strong>College of the Menominee Nation</strong>, and <strong>Menominee Casino & Bingo</strong>. Cultural events are also open to the public (check www.menominee-nsn.gov)."
central-sands,Monroe,"<strong>Monroe County</strong> bills itself as “Bikes and Berries,” but it's much more.<br><br>In the northeast, <strong>Warrens</strong> is cranberry country. Learn all about it at the <strong>Wisconsin Cranberry Discovery Center</strong> (608/378-4878, www.discovercranberries.com).<br><br>Northwest Monroe County includes the <strong>Fort McCoy Military Reservation</strong> (608/388-2407, www.mccoy.army.mil), with recreation areas and a self-guided driving tour.<br><br>The southern half features the <strong>Elroy-Sparta State Trail</strong> (800/354-2453, www.elroy-sparta-trail.com).<br><br>In <strong>Sparta</strong>, visit the <strong>Deke Slayton Memorial Space & Bike Museum</strong> (888/200-5302, www.dekeslayton.com) and the <strong>Little Falls Railroad & Doll Museum</strong> (608/272-3266, www.raildoll.org).<br><br>Don't miss the fanciful folk art at the <strong>Paul & Matilda Wegner Grotto</strong> (608/269-8680, www.portalwisconsin.org/wegnergrotto.cfm)."
central-sands,Outagamie,"<strong>Outagamie County</strong> is home to the Fox Cities — eighteen communities known for paper mills and great shopping.<br><br><strong>Appleton</strong> is the largest. It was childhood home of Harry Houdini, celebrated at the <strong>Outagamie Museum</strong> (920/735-9370, www.foxvalleyhistory.org).<br><br>Visit the <strong>Hearthstone Historic House Museum</strong> (920/730-8204, www.hearthstonemuseum.org), the first hydroelectric-lit home.<br><br>The <strong>Fox River Mall</strong> is the largest mall in Wisconsin (920/739-4100, www.foxrivermall.com).<br><br>Family attractions include <strong>Wisconsin Timber Rattlers</strong> baseball (920/733-4152, www.timberrattlers.com) and the <strong>Fox Cities Children's Museum</strong> (920/734-3226, www.kidsmuseum.org).<br><br>Nearby <strong>Kaukauna</strong> offers the <strong>1000 Islands Environmental Center</strong> (920/766-4733, www.1000islandsenvironmentalcenter.com) and the restored <strong>Grignon Mansion</strong> (920/735-9370, www.foxvalleyhistory.org)."
central-sands,Portage,"<strong>Portage County</strong> has an outstanding string of county<br>parks that offer more than 100 family campsites and<br>appeal to a variety of user groups: <strong>Becker Lake</strong> is a hit<br>with birders, <strong>Lake Helen</strong> and <strong>Sunset Lake</strong> have popular<br>swimming beaches, <strong>Standing Rocks</strong> offers great biking<br>and cross-country skiing trails, as well as downhill ski-<br>ing, and the <strong>Dewey Shooting Range</strong> is on-target with<br>hunters.<br><strong>Stevens Point</strong>, the county seat, lies in the heart of<br>the <strong>Wisconsin River Valley</strong>. A riverside city, it blends<br>industry, academia, recreation and natural beauty. The <strong>University of<br>Wisconsin-Stevens Point</strong> campus includes the <strong>Schmeeckle Reserve</strong>,<br>275 acres of solitude and a great place for walking, jogging, biking,<br>fishing and wildlife watching (800/236-4636,<br>www.uwsp.edu/cnr/schmeeckle). The reserve's nature center houses<br>exhibits and dioramas as well as the <strong>Wisconsin Conservation Hall of<br>Fame</strong>. The reserve is a trailhead for the <strong>Green Circle State Trail</strong>, a<br>30.5-mile hiking and biking trail around the city (800/236-4636,<br>www.stevenspointarea.com).<br>Downtown, more than sixty buildings comprise the <strong>Mathias Mitchell<br>Public Square-Main Street Historic District</strong>, a delightful walking tour. The<br>city is the home of <strong>Sentry Insurance</strong>, owner of the <strong>SentryWorld<br>Sports Center</strong>, a world-class golf course and racquet-sports facility<br>open to the public (866/479-6753, www.sentryworld.com). Founded in<br>1857, the <strong>Stevens Point Brewery</strong> is a must-stop for a tour and tast-<br>ing (800/369-4911, www.pointbeer.com)."
central-sands,Shawano,"<strong>Shawano County</strong> steps across northeastern Wisconsin<br>like a lazy Z. The <strong>Navarino State Wildlife Area</strong> and<br><strong>Shawano Lake</strong> dominate the eastern half of the coun-<br>ty, while the <strong>Stockbridge Munsee Indian Reservation</strong> is<br>the largest terrain feature in the west. Long a center<br>of lumbering, the county remains a strong player in<br>the state's timber industry.<br>At 6,000 acres, <strong>Shawano Lake</strong> attracts plenty of<br>anglers and boaters. Relatively deep, the lake has a<br>solid reputation for northern pike, walleye and large-<br>mouth bass—even an occasional sturgeon. Slicing through the county<br>north-to-south, the pristine <strong>Wolf River</strong> offers fly fishing as well as<br>whitewater kayaking and canoeing.<br>Ten miles south of Shawano, the 14,500-acre <strong>Navarino Wildlife<br>Area</strong> includes 7,000 acres of forest habitat, 1,000 acres of restored<br>prairie, 3,900 acres of bush swamp and 2,000 acres of marsh habitat<br>(715/758-6999, www.navarino.org). Common avian species include<br>ducks, geese, ruffed grouse, woodcock, red-shouldered hawks, and<br>sandhill cranes. Its 56 miles of trails include 12 miles groomed for<br>cross-country skiing during the winter months.<br>The <strong>Mountain Bay State Trail</strong> parallels Hwy. 29 from Green Bay<br>to Wausau (920/448-4466, www.mountain-baytrail.org). Eighty-nine<br>miles long, the Mountain Bay is the longest multi-use rail-trail in<br>Wisconsin; sixty of those miles are in Shawano County. Bikers and hik-<br>ers feeling lucky can stop at the <strong>Mohican North Star Casino &<br>Bingo</strong> near Bowler (800/775-2274, www.mohicannorthstar.com)."
central-sands,Waupaca,"With terrific water resources and timeless charm,<br><strong>Waupaca County</strong> draws visitors in all seasons. The<br>Waupaca area's famous <strong>Chain O' Lakes</strong>, a string of 22<br>spring-fed, pristine lakes, offer an ideal setting for<br>water activities of all sorts. The Crystal, Waupaca,<br>Wolf, Little Wolf and Embarrass Rivers are popular for<br>kayaking and canoeing.<br>The <strong>City of Waupaca</strong>, the county seat, is a pretty lit-<br>tle town with a band shell in the downtown square and<br>a great series of city parks. Two miles to the west, <strong>King</strong><br>is the gateway to the <strong>Chain O' Lakes</strong>. The <strong>Wisconsin Veterans Home</strong> is<br>located here as is <strong>Clear Water Harbor</strong>, home of the <strong>Chief Waupaca</strong><br>sternwheeler and the <strong>Lady of the Lakes</strong> motor launch (715/258-<br>2866, www.clearwaterharbor.com). Both offer 1.5-hour sightseeing<br>cruises.<br>Nearby, <strong>Ding's Dock</strong> offers 3-hour canoe trips down the Crystal<br>River (715/258-2612, www.dingsdock.com). Trips begin with a boat ride<br>through two lakes to the start of the river. The paddle downstream is<br>suitable for youngsters six and older and can be exciting, especially in<br>periods of high water. Buses provide return transportation.<br>On the west end of the <strong>Chain O' Lakes</strong>, <strong>Hartman Creek State<br>Park</strong> offers 1,400 acres of more fun (715/258-2372,<br>www.wiparks.net). Enjoy swimming in crystal-clear <strong>Marl Lake</strong>, 103<br>family campsites, a nature center with naturalist programs, fishing,<br>and 14 miles of trails, including 8 miles of horse trails and 5 miles of<br>mountain bike trails."
central-sands,Waushara,"<strong>Waushara County</strong> is a wonderful blend of farming and<br>recreation. With more than 100 lakes, 150 miles of<br>trout streams, 7,000 acres of public hunting and fishing,<br>and twelve county parks, outdoors is spoken here.<br>In <strong>Wautoma</strong>, the county seat, visit the <strong>WWII<br>Memorial Building</strong> (866/329-0674, www.visit-<br>waushara.com). Built in 2003, the building honors<br>county veterans and houses both the <strong>Wautoma<br>Chamber of Commerce</strong> and the <strong>Waushara CVB</strong>. For<br>local history, tour the <strong>Waushara County Historical<br>Society Museum</strong> housed in what was once the county jail (920/787-<br>7584, www.visitwaushara.com).<br>In western Waushara County, the <strong>University of Wisconsin's<br>Hancock Agricultural Research Station</strong> offers fascinating guided<br>tours (715/249-5961, www.cals.wisc.edu/research/stations).<br>To the north, you can tour the <strong>Wild Rose Fish Hatchery</strong><br>(920/622-3527, www.dnr.state.wi.us).<br>Seven miles to the east, the crossroads community of <strong>Saxeville</strong><br>boasts a beautiful new covered bridge over the <strong>Pine River</strong>."
central-sands,Winnebago,"<strong>Winnebago County</strong> is yet another Wisconsin county largely<br>defined by water. To the east, the county borders <strong>Lake<br>Winnebago</strong>, Wisconsin's largest lake at 137,708 acres.<br>Other lakes include <strong>Poygan</strong> (14,102 acres),<br><strong>Winneconne</strong> (4,507 acres) and <strong>Buttes des Morts</strong> (8,857<br>acres). <strong>Rush Lake</strong> anchors the south.<br><br><strong>Oshkosh</strong>, the county seat, hosts the world's largest aviation event, <strong>EAA AirVenture</strong>, drawing over 700,000 people each year. Visit the <strong>EAA AirVenture Museum</strong> (920/426-4818, www.airventuremuseum.org).<br><br>Explore the <strong>Oshkosh Public Museum</strong> (920/236-5799, www.oshkoshmuseum.org) and the <strong>Paine Art Center and Gardens</strong> (920/235-6903, www.thepaine.org).<br>The <strong>Grand Opera House</strong> (920/424-2350, www.grandoperahouse.org) is a jewel downtown."
central-sands,Wood,"Located in the geographic center of the state, <strong>Wood County</strong><br>is loaded with fun.<br><br>In <strong>Marshfield</strong>, visit the <strong>Wildwood Zoo</strong> (800/422-4541, www.ci.marshfield.wi.us), <strong>Foxfire Botanical Gardens</strong> (715/387-3050, www.foxfiregardens.com), and <strong>Upham Mansion</strong> (715/387-3322, www.uphammansion.com).<br><br>Along the <strong>Wisconsin River</strong>, <strong>Wisconsin Rapids</strong>, <strong>Port Edwards</strong>, and <strong>Nekoosa</strong> share a rich paper industry history. Tour <strong>Stora Enso</strong> (715/422-3789, www.storaenso.com/na) or try your luck at the <strong>Rainbow Casino</strong> (800/782-4560, www.rbcwin.com).<br><br>Nearby <strong>Rudolph</strong> features the <strong>Rudolph Grotto Gardens & Wonder Cave</strong> (715/435-3120) and the <strong>Wisconsin Dairy State Cheese Company</strong> (715/435-3144)."