Name,SymbolID,lon,lat,description,phone,web,signature_species,rare_species,gazetteer,seasonality,parking,food_lodging,fee
1. Buena Vista Park,0,-91.906428,44.319887,"If you visit this park on a clear day in the spring or fall, you won’t be disappointed. Located 500-feet above the village of Alma, it’s a small park with a big view of the Mississippi River for several miles to the north and south.",608/685-6234,,,,,,,"Equally impressive are the number of birds that you can see in this small area. The raptor migration along this area of the river is spectacular; in the spring you can see Red-tailed Hawks, Peregrine Falcons and Broad-winged Hawks, and in the fall add American Kestrels and Cooper Hawks to your list. The woody area around the parking lot harbors lots of songbirds including Baltimore Orioles, Scarlet Tanagers, Great-crested Flycatchers and Red-bellied Woodpeckers. <br><br>Phone:  <br><br>Web site: www.buffalocounty.com <br><br>Signature Species: Bald Eagle, Red-shouldered Hawk, and Yellow-billed Cuckoo. <br><br>Gazetteer: Page 48, B-1. <br><br>Seasonality: Open all year. <br><br>Parking: Paved parking lot. Nearest food & lodging: In Alma.",
2. Merrick State Park,0,-91.749487,44.154438,"On the backwaters of the Mississippi River, Merrick State Park is a great place to bird watch any time of the year, but spring and fall migrations can be spectacular along this major migratory route. Though just 320 acres, the park offers canoe and kayak access to the extensive waters of the Whitman Dam State Wildlife area to the north and the Upper Mississippi River National Wildlife and Fish Refuge to the south.",608/687-4936,,,,,,,"Paddle up on ducks and shorebirds. The wooded uplands hold Yellow-throated Vireos, Blue-gray Gnatcatchers, Orchard Oriole and Cerulean Warblers. In the park’s old fields and prairie restorations, see Western Meadowlarks and Bobolinks as they sing from their grass perches or “sky lark” overhead. <br><br>Phone:  <br><br>Web site: www.wiparks.net <br><br>Signature Species: Green Herons, Great Egrets, and Wilson’s Snipe. <br><br>Gazetteer: Page 48, C-2. <br><br>Seasonality: Open all year. <br><br>Parking: Paved parking lots throughout the park. <br><br>Nearest food & lodging: Camp at park, or in Fountain City 3 miles south on Hwy. 35. <br><br>Fee: Park entry & camping fees apply.",
3. Riecks Lake Park,0,-91.931362,44.357672,No trip along this stretch of the river during spring and fall migrations is complete without stopping at Riecks Lake Park to get great looks at Tundra Swans during peak migration times in spring and fall. Volunteers welcome visitors at viewing platforms at the water’s edge.,608/685-6234,,,,,,,"This is the best place along the Mississippi to see these magnificent birds, especially in the fall. In the spring, many species of ducks including Mallard, Black and Northern Pintails stop here along with species of teal, herons, bitterns and egrets. In the winter, look for Golden Eagles. <br><br>Phone:  <br><br>Web site: www.buffalocounty.com <br><br>Signature Species: Tundra Swans, Broad-winged Hawk, Scarlet Tanager, and Bald Eagle. <br><br>Gazetteer: Page 48, B-1 <br><br>Seasonality: Open all year <br><br>Parking: Paved parking lot <br><br>Nearest food & lodging: In Alma.",
4. Tiffany Bottoms State Wildlife Area,0,-92.045517,44.446159,Tiffany Bottoms is the largest and most important intact floodplain forest in Wisconsin. It attracts nearly every species of bird found in Wisconsin.,608/685-6222,,,,,,,"Its 12,740 acres occupy both sides of the Chippewa River between Nelson and Durand. All of the land is state owned and open to the public. Ten miles of railroad track into the heart of the property can be accessed from Hwy. 25 south of the Buffalo and Pepin County line. A walk on the tracks will take you through some of the most scenic areas of the property including the floodplain forest. Upland forests and savannas welcome nesting woodland warblers, flycatchers and woodpeckers of all kinds. Interior swamps produce night herons, bitterns and egrets. <br><br>Phone:  <br><br>Web site: dnr.wi.gov <br><br>Signature Species: Whip-poorwill, Red-headed Woodpecker, and Yellow-headed Blackbird. <br><br>Gazetteer: Page 58, D-3 & Page 59, D-8. <br><br>Seasonality: Open all year. <br><br>Parking: Parking lots throughout property. <br><br>Nearest food & lodging: Pepin to the north and Nelson to the south.",
5. Whitman Dam State Wildlife Area,0,-91.804161,44.190451,"Whitman Dam State Wildlife Area is six miles of marsh and slough from Merrick State Park north to the village of Buffalo. The southern part of this 2,173-acre property has areas where you can walk and sight lowland forest birds such as Black-billed Cockoos, woodpeckers and Prothonatary Warbles.",608/685-6222,,,,,,,"Bald and Golden Eagles have also been seen along this stretch of the river. A three-mile dike stretching north from Lock and Dam #6 creates Spring Lake that draws record numbers of ducks and Tundra Swans in the spring and fall migration seasons. You can walk the dike to see huge rafts of Canvasbacks, Ring-neck ducks and Scaup. <br><br>Phone:  <br><br>Web site: www.dnr.state.wi.us <br><br>Signature Species: Canvasback Ducks, Tundra Swans, and Golden Eagles. <br><br>Gazetteer: Page 48, C-2. <br><br>Seasonality: Open all year. <br><br>Parking: Parking lots. <br><br>Nearest food & lodging: In Buffalo, 3 miles north on Hwy. 35.",
6. Brunet Island State Park,0,-91.16086,45.175624,"This 1,225-acre state park straddles both sides of the Chippewa River along a section that includes Brunet Island. The Fisher River comes in from the north; its bays and lagoons are good places to see beaver, mink, herons and deer.",715/239-6888,,,,,,,"The park’s eight miles of hiking trails take you into different birding habitats. Hike the wetlands along the rivers to find Hermit Thrushes, Yellowrumped Warblers and Common Yellowthroats. Nashville Warblers, White-throated sparrows and Northern Parula Warblers like the wooded areas. The bays surrounding the islands on the river hold Great Blue Herons, Hooded Mergansers, Mallards and Blue-winged Teal. The park also offers an interpretive museum, swimming, canoeing, fishing, and 69 campsites. The Jean Brunet Nature Trail is paved for handicapped access. <br><br>Phone:  <br><br>Web site: www.wiparks.net <br><br>Signature Species: Blackburnian Warbler, Northern Waterthrush & Purple Finch. <br><br>Gazetteer: Page 73, C-7. <br><br>Seasonality: Open all year. <br><br>Parking: Parking lots provided. Nearest food & lodging: In Cornell, just southeast of the park. <br><br>Fee: Park entry & camping fees apply.",
7. Chippewa Moraine Ice Age National Science Unit & Interpretive Center,0,-91.388226,45.21385,"Wisconsin’s last glacier retreated 16,000 years ago leaving a spectacular landscape in its wake. The Ice Age Trail traces the glacier’s terminal moraine – a 1,000-mile trail that meanders through Wisconsin marking the glacier’s southern terminus.",715/967-2800,,,,,,,"In Chippewa County, the trail runs 23 miles from the Interpretive Center to Burnet Island State Park. In this part of the state, the trail traverses an area that is heavily forested with numerous kettle lakes. Hiking the trail will produce many northern forest birds: Ruffed Grouse, Great Crested Flycatchers, Cooper’s and Broad-winged Hawks, Scarlet Tanager, Indigo Buntings and Great Horned Owls all nest here. Near the kettle lake look for ducks, mergansers, geese and herons. <br><br>Phone:  <br><br>Web site: www.iceagetrail.org <br><br>Signature Species: Great Blue Heron & Red-headed Woodpecker. <br><br>Gazetteer: Page 73, C-5. <br><br>Seasonality: Open all year. <br><br>Parking: Parking lot provided. Nearest food & lodging: New Auburn.",
8. Lake Wissota State Park,0,-91.31072,44.97925,"This 1,062-acre park combines pine and hardwood forest, lake, prairie and marshland that support 200 avian species. During migration, the 6,300- acre lake is alive with waterfowl: Blue and Green-winged Teal, Northern Pintails, Mallards, Scaup, Mergansers, Northern Shoveler, American Wigeon and American Black Duck.",715/382-4574,,,,,,,"Canada, Snow and Greater White-fronted Geese also use the area along with Trumpeter Swans. Grasses and wildflowers, called forbes, dominate the prairies. Here, look and listen for Willow Flycatchers, Sedge Wrens, Eastern Bluebirds, Northern Harriers, the Common Nighthawk, and our smallest falcon, the American Kestrel. The hardwood forest can be enjoyed via 17 miles of trail. <br><br>Phone:  <br><br>Web site: www.wiparks.net <br><br>Signature Species: Pine and Yellow-rumped Warbler, Common Raven. <br><br>Gazetteer: Page 61, A-6. <br><br>Seasonality: Open all year. <br><br>Parking: Parking lots provided. <br><br>Nearest food & lodging: In Chippewa Falls, seven miles southwest. <br><br>Fee: Park entry and camping fees apply.",
10. Hogback Prairie State Natural Area,0,-90.876503,43.193663,"Hogback Prairie is a narrow, steepsided, limestone ridge rising 300 feet above the Kickapoo River and the Citron Valley. It is the dominant feature of this 971-acre site.",608/785-9000,,,,,,,"To the north, west and east the ridge is flanked by dry prairie. To the south, the landscape blends into oak woods and brush prairie. The area supports an unusual mix of plants and animals including rare butterfly species, purple prairie-clover, bird’s-foot violets and side oats grama grass. Grassland birds include Sedge Wrens and Bell’s Vireo. <br><br>Phone:  <br><br>Web site: dnr.wi.gov <br><br>Signature Species: Cranes, Sedge Wrens, and Yellow-breasted Chat. <br><br>Gazetter: Page 32, B-4. <br><br>Seasonality: Open all year. <br><br>Parking: Parking along road across from kiosk. <br><br>Nearest food & lodging: In Boscobel, southeast of Steuben.",
11. Kickapoo River State Wildlife Area - Wauzeka Unit,0,-90.874443,43.116272,The 2000 acres of the Kickapoo River State Wildlife Area are contained in two units. The Bell Center Unit is located south of Gays Mills and the Wauzeka Unit is on the southern border of Crawford County.,608/785-9000,,,,,,,"The Wauzeka Unit is an interesting mix of grass-covered hills, river bottoms and wooded hillsides. A good trail system leads you through some excellent river bottomlands where you can view waterfowl, woodland bottom warblers like the Prothonotary, and Great Blue Herons. The variety of habitats along this 3-mile stretch of trail can also produce Gray Catbirds, Indigo Bunting and American Redstart warblers. <br><br>Phone:  <br><br>Web site: dnr.wi.gov <br><br>Signature Species: Sandhill Cranes, Turkeys, and Savannah Sparrow. <br><br>Gazetter: Page 32, D-3. <br><br>Seasonality: Open all year. <br><br>Parking: Parking lot along Hwy. 131, one mile north of Hwy. 60. <br><br>Nearest food & lodging: In Wauzeka (south), Boscobel (east) or Prairie du Chien. <br><br>Notes: This part of the state is referred to as the driftless, or unglaciated part of Wisconsin. It is known for its limestone bluffs, steep hillsides covered with hardwood forests, and its dry hilltop grasslands known as “goat” prairies.",
12. La Riviere Park,0,-91.105757,43.026549,La Riviere Park is owned by the City of Praire du Chien and has six miles of hiking trails. The site is located on the Bridgeport Terrace above the confluence of the Wisconsin and Mississippi Rivers.,,,,,,,,"Trails lead to woodlands and grasslands where you can see Scarlet Tanagers, Tufted Titmice, and White-eyed Vireos. The park has restrooms, a drinking fountain, camping and picnic areas, and a nature center with limited hours. <br><br>Phone: 608/ 326-7207 <br><br>Web Site: prairieduchien.org <br><br>Signature Species: Eastern Bluebird and Lark Sparrow. <br><br>Gazzetter: Page 32, D-2. <br><br>Seasonality: Open all year from 6am–11pm. <br><br>Parking: Parking lot. <br><br>Nearest food & lodging: In Prairie du Chien.",
13. Lock and Dam 9 & Pool 9,0,-91.098976,43.211682,Pool No. 9 on the Mississippi River stretches from the lock and dam south of Lynxville north to Genoa.,608/874-4311,,,,,,,"Travel Hwy. 35, the Great River Road, and enjoy this huge body of water. During migrations, hundreds of thousands of ducks can be seen from the many pull-off areas located along the highway. Good numbers of Tundra Swans use the area as do American White Pelicans. Turkey Vultures, hawks and Bald Eagles soar on the thermal air currents along the bluffs. The Cold Springs Boat Landing north of Lynxville is a good place to watch water birds of all kinds. <br><br>Phone:  <br><br>Web site: mvp.usace.army.mil <br><br>Signature Species: Bald Eagles all year long. <br><br>Gazetter: Page 32 B-2. <br><br>Seasonality: Lock & dam open April-November. Pool 9 is open all year. <br><br>Parking: Ample parking areas. Nearest food & lodging: In Prairie du Chien and Lynxville.",
14. Rush Creek State Natural Area,0,-91.131077,43.372239,"Located north of Ferryville, the Rush Creek State Natural Area encompasses exceptional dry prairies, oak forest, and 400-foot limestone-capped bluffs. The prairies on the very steep, southwestfacing slopes hold blazing-star, compass-plant and bird’s-foot violets.",608/785-9000,,,,,,,"The north-facing hillsides are forested with red and white oak, black walnut, hickory, basswood, and sugar maple. Rush creek runs through the middle of this 2027-acre property. It harbors numerous species of songbirds during the spring and fall migrations. The steep climb to the top of the bluffs is rewarded with a spectacular view of the Mississippi River. <br><br>Phone:  <br><br>Web site: dnr.wi.gov <br><br>Signature Species: Turkey Vulture and Kentucky Warbler. <br><br>Gazetter: Page 32, B-2. <br><br>Seasonality: Open all year. <br><br>Parking: Parking lot on Rush Creek Road. <br><br>Nearest food & lodging: In Ferryville, 3 miles south on Hwy 35.",
15. St. Feriole Island,0,-91.156311,43.051203,"This 240-acre island on the east channel of the Mississippi River has a mix of habitats including beaches, floodplain forest and grassland. In the spring, floodwaters create mud flats ideal for migrating shorebirds.",608/326-7207,,,,,,,"One may see American Avocets along the beach. A trail leads away from the parking lot to a floodplain hardwood forest where warblers and other migrant songbirds can be seen. Peregrine Falcons hunt ducks along this stretch of the river corridor. <br><br>Phone:  <br><br>Web site: prairieduchien.org <br><br>Signature Species: Bonaparte’s Gulls and shorebirds. <br><br>Gazetter: Page 32, D-2. <br><br>Seasonality: Open all year 6am-11pm. <br><br>Parking: Parking lot. <br><br>Nearest food & lodging: In Prairie du Chien.",
16. Caryville Savanna State Natural Area,0,-91.734467,44.752768,Picture yourself canoeing or kayaking to a beautiful island in the Chippewa River where time seems to stand still and birds call from oak groves and grassy prairies. This is what you’ll find when you visit the 420-acre Caryville Savanna State Natural Area located on Brush Island.,715/232-1517,,,,,,,"Look for Orchard Orioles, Gray Catbirds, and Yellow-bellied Sapsuckers in the oak barrens, and keep an eye out for Clay-colored and Lark Sparrows in the prairies. When exploring the floodplain forest, look for Barred Owls, Whip-poor-wills, Red-headed Woodpeckers and Eastern Phoebes. <br><br>Phone:  <br><br>Web site: dnr.wi.gov <br><br>Signature Species: Redshouldered Hawk and Eastern Bluebird. <br><br>Gazetteer: Page 60, C-3. <br><br>Seasonality: Open all year. <br><br>Parking: Parking lot at boat landing. <br><br>Nearest food & lodging: In Eau Claire, 11 miles east.",
17. Dunnville State Wildlife Area,0,-91.902609,44.707218,"The 5,000 acres surrounding the confluence of the Red Cedar and Chippewa Rivers is the Dunnville State Wildlife Area, divided into the Upper and Lower Dunnville Bottoms. This property is a mix of prairie, floodplain forest, fields and ridges covered by woods.",715/232-1517,,,,,,,"Clay-colored and Lark Sparrows live here. You may even hear or see Bob White Quail. Red-shouldered Hawks nest here along with Eastern Kingbirds, Barred Owls and Bluewinged Warblers. The restored prairies on the property hold Western meadowlarks, Willow Flycatchers and Sedge Wrens. Along the edges of the prairie where they meet the shrubby trees, look for Turkeys, Orchard Orioles and White-eyed Vireos. Long and Wallace Lakes in the interior of the property hold ducks, herons and rails. <br><br>Phone:  <br><br>Web site: dnr.wi.gov <br><br>Signature species: Lark Sparrow and Blue-gray Gnatcatcher. <br><br>Gazetteer: Page 60, C-2. <br><br>Seasonality: Open all year . <br><br>Parking: Parking lots provided. <br><br>Nearest food & lodging: In Downsville, 3.5 miles north.",
18. Hoffman Hills State Recreation Area,0,-91.79266,44.937099,"This 707-acre property is a mosaic of wooded hills, prairies and wetlands with a network of hiking and crosscountry ski trails. It includes the highest spot in Dunn County with a 60-foot observation tower and spectacular views of the countryside.",715/232-1517,,,,,,,"Forest birds found here are the Scarlet Tanager, Common Raven, Northern Rough-winged Swallow and Tufted Titmouse. In the wetlands, look for Green Herons, Green-wing Teal and Virginia Rails. In the prairies, look for Sedge Wrens and Common Yellowthroats. Deer, coyotes, mink, raccoons and muskrats share this day-use recreation area. <br><br>Phone:  <br><br>Web site: dnr.wi.gov <br><br>Signature Species: Great Crested Flycatcher, Warbling Vireo and Eastern Wood-Pewee. <br><br>Gazetteer: Page 60, A-2. <br><br>Seasonality: Open all year. <br><br>Parking: Parking lots provided. <br><br>Nearest food & lodging: In Menomonie, 7 miles southwest. <br><br>Fee: State Trail Pass – No dogs allowed.",
19. Lake Menomin,0,-91.914196,44.893215,Menomonie’s Lake Menomin harbors several beautiful parks along its shores. Wolske Bay off of Lakeside Park on the west side of the lake hosts Hooded Mergansers and Goldeneyes during spring migrations.,715/962-4460,,,,,,,"Wakanda Park on the northwest shore holds a variety of warblers along with House Wrens, Gray Catbirds, Blue Jays and Indigo Buntings. Wakanda is also the home of the Lions Club Game Park featuring native Wisconsin animals and a nature trail. At the north end of the lake a slough area runs further north to Cedar Falls. During migrations, it holds many kinds of songbirds, ducks, herons and hawks. <br><br>Phone:  <br><br>Web site: www.menomonie.com <br><br>Signature Species: White Pelican, Goldeneye Duck and Franklin’s Gull. <br><br>Gazetteer: Page 60, A-1. <br><br>Seasonality: Open all year. <br><br>Parking: Parking lot provided. <br><br>Nearest food & lodging: In Menomonie.",
19. Wakanda Park,0,-91.914196,44.901392,Menomonie’s Lake Menomin harbors several beautiful parks along its shores. Wolske Bay off of Lakeside Park on the west side of the lake hosts Hooded Mergansers and Goldeneyes during spring migrations.,715/962-4460,,,,,,,"Wakanda Park on the northwest shore holds a variety of warblers along with House Wrens, Gray Catbirds, Blue Jays and Indigo Buntings. Wakanda is also the home of the Lions Club Game Park featuring native Wisconsin animals and a nature trail. At the north end of the lake a slough area runs further north to Cedar Falls. During migrations, it holds many kinds of songbirds, ducks, herons and hawks. <br><br>Phone:  <br><br>Web site: www.menomonie.com <br><br>Signature Species: White Pelican, Goldeneye Duck and Franklin’s Gull. <br><br>Gazetteer: Page 60, A-1. <br><br>Seasonality: Open all year. <br><br>Parking: Parking lot provided. <br><br>Nearest food & lodging: In Menomonie.",
21. Augusta State Wildlife Area,0,-91.10198,44.718136,"This 2,100-acre marsh and woodland lies just south of Lake Eau Claire. Hiking trails access the interior of the property.",715/839-3771,,,,,,,"Gravel roads provide driving access to a pair of small ponds where you can see herons and egrets feeding along the water’s edge while Sandhill Cranes forage in nearby marshes. As you walk the dike roads you’ll see marsh birds, wrens and sparrows. The mixed hardwood areas are good places to find Great Crested Flycatchers, Eastern Pewees and American Kestrels. The ponds’ proximity to Lake Eau Claire make them attractive to migrating or nesting waterfowl; look for Canada geese and numerous duck species on the ponds. <br><br>Phone:  <br><br>Web site: dnr.wi.gov <br><br>Signature Species: Sandhill Cranes, Sora Rails and Great Blue Herons. <br><br>Gazetteer: Page 61, C-8. <br><br>Seasonality: Open all year. <br><br>Parking: Parking lots provided. <br><br>Nearest food & lodging: In Augusta, 4 miles south.",
22. Beaver Creek Reserve,0,-91.26317,44.816489,"Beaver Creek Reserve is a 360-acre property that includes the Wise Nature Center, Hobbs Observatory, and a unique Butterfly House. The property is a mixture of upland hardwood forest, prairie, and lowland floodplain forest.",715/877-2212,,,,,,,"The waterfalls and sandy beaches of the Eau Claire River offer a glimpse of a Louisiana Waterthrush or a gray fox as they comes to drink the cool water. Tufted Titmice, Great Crested Flycatchers, American Kestrels and Cooper’s Hawks are found on the property along with Song Sparrows and House Wrens. Overlooking Beaver Creek, the Wise Nature Center offers interpretive displays and live animal exhibits. Miles of hiking trails, a wildlife photography blind, butterfly gardens, feeding stations and boardwalks make any visit here enjoyable. The Hobbs Observatory has a pair of computer-operated telescopes. The Butterfly House is a great place to photograph butterflies as they sip nectar on plants grown for them in the nearby greenhouse. <br><br>Phone:  <br><br>Web site: www.beavercreekreserve.org <br><br>Signature Species: Pine and Nashville Warblers & Red-bellied Woodpeckers. <br><br>Gazetteer: Page 61, B-6. <br><br>Seasonality: Open all year, Mon-Fri 8am-4: 30pm, Sat 9am-4pm, Sun noon-4pm. <br><br>Parking: Parking lots provided. <br><br>Nearest food & lodging: In Fall Creek, 3.5 miles south; or in Eau Claire 12 miles west.",
23. Half Moon Lake,0,-91.523237,44.809974,"Carson Park is Eau Claire’s largest; a 130-acre peninsula surrounded by Half Moon Lake. Its trails, woods, marshes and brushy areas attract many species of birds.",715/839-4914,,,,,,,"Hiking trails scale the bluffs. From overlooks you can see Black Ducks, Wood Ducks and Mallards on the lake below. The park’s many popular attractions include the Chippewa Valley Museum, Paul Bunyan Logging camp, and an historic baseball field. Riverview Park lies along the Chippewa River on the city’s north side. An arched bridge crosses the river leading to an island where you can access the river’s backwaters for Yellow warblers, Willow Flycatchers and song sparrows. <br><br>Phone:  <br><br>Web site: www.ci.eauclaire.wi.us <br><br>Signature Species: Coot, Gadwall, Great Horned Owl, and Red-breasted Nuthatch. <br><br>Gazetteer: Page 60, B-4. <br><br>Seasonality: Open all year. <br><br>Parking: Parking lots provided. <br><br>Nearest food & lodging: In Eau Claire.",
23. Carson Park,0,-91.517143,44.811557,"Carson Park is Eau Claire’s largest; a 130-acre peninsula surrounded by Half Moon Lake. Its trails, woods, marshes and brushy areas attract many species of birds.",715/839-4914,,,,,,,"Hiking trails scale the bluffs. From overlooks you can see Black Ducks, Wood Ducks and Mallards on the lake below. The park’s many popular attractions include the Chippewa Valley Museum, Paul Bunyan Logging camp, and an historic baseball field. Riverview Park lies along the Chippewa River on the city’s north side. An arched bridge crosses the river leading to an island where you can access the river’s backwaters for Yellow warblers, Willow Flycatchers and song sparrows. <br><br>Phone:  <br><br>Web site: www.ci.eauclaire.wi.us <br><br>Signature Species: Coot, Gadwall, Great Horned Owl, and Red-breasted Nuthatch. <br><br>Gazetteer: Page 60, B-4. <br><br>Seasonality: Open all year. <br><br>Parking: Parking lots provided. <br><br>Nearest food & lodging: In Eau Claire.",
25. Coon Fork Barrens State Natural Area,0,-91.013575,44.70673,"Coon Fork Barrens lies between two tributaries of the Eau Claire River, Coon Fork Creek and Pea Creek. The property is 580 acres of gently rolling barrens, brushy sand prairie and ferns atop sandy soils.",715/839-3771,,,,,,,"Stunted Jack pine, Hills, black, white and bur oaks accent the barrens with blueberry and American hazelnut bushes. Birds include the Northern Raven, White-throated Sparrow, Clay-colored and Grasshopper Sparrow, Willow Flycatcher, Bobolink, Goldfinch, Veery and Yellow-rumped Warbler. In the winter the area supports winter finches. Prairie plant species include wild lupine, which supports a population of rare Karner blue butterflies. <br><br>Phone:  <br><br>Web site: dnr.wi.gov <br><br>Signature species: Karner blue butterfly, Wild Turkey, and Bluewinged Warbler. <br><br>Gazetteer: Page 61, C-8. <br><br>Seasonality: Open all year. <br><br>Parking: Parking area provided. <br><br>Nearest food & lodging: In Augusta, 6 miles west.",
26. Putnam Park State Natural Area,0,-91.499162,44.796668,Expect to add some new birds to your checklist when you visit this birding hot spot. Putnam Park is the best place to bird watch in Eau Claire.,715/836-2637,,,,,,,"Owned by the University of Wisconsin-Eau Claire, habitats range from prairie to old growth pine to rocky cliffs, marshes and floodplain forest. There are two sections to the park, one on each side of the campus. All of this urban green space acts like a magnet for birds in any season. You can see Bald Eagles, Tufted Titmice, Pine Warblers, Ringbilled Gulls, Purple Finches and Blue-Gray Gnatcatchers. <br><br>Phone:  <br><br>Web site: www.uwec.edu <br><br>Signature species: Summer Tanager, Winter Wren, Purple Finch & Cedar Waxwing. <br><br>Gazetteer: Page: 61, B-5. <br><br>Seasonality: Open all year. <br><br>Parking: Parking lot provided. <br><br>Nearest food & lodging: In Eau Claire.",
27. Bagley Bottoms Boat Landing,0,-91.12361,42.909166,"This boat landing is typical of many that are found all along the Mississippi River. Often these small, secluded areas offer the birder a chance to get close to the river and explore the floodplain forests from a slightly elevated road.",608/935-3368,,,,,,,"A short hiking trail leads to the backwaters of the Mississippi where there are numerous birds to be found on most days. Species such as Yellow-crowned Night Herons, Pileated Woodpeckers and American Egrets are seen in the area. <br><br>Phone:  <br><br>Web Site: dnr.wi.gov <br><br>Signature Species: Wood ducks, egrets and herons. <br><br>Gazetter: Page 24, A-1 <br><br>Seasonality: Open all year. <br><br>Parking: Large gravel parking lot. <br><br>Nearest food & lodging: Private campground and food in Bagley.",
28. Blue River Sand Barrens State Natural Area,0,-90.528288,43.192474,"The unstable, sandy soil of this 130-acre terrace along the Wisconsin River is one of the state’s largest and best examples of a dry prairie-like landscape and “moving” sand dune communities. Moving sands are shaped by the wind, creating “blowouts” or large unvegetated depressions.",608/375-4123,,,,,,,"A scattered forest of black and Hill’s oaks help to stabilize the sand in other areas providing habitat for false heather and bearberry that have adapted to the dry and harsh conditions. Reptiles like the six-lined racerunner live here along with many species of grassland birds and river turtles that nest in the dunes. <br><br>Phone:  (DNR) <br><br>Web Site: dnr.wi.gov <br><br>Signature Species: Eastern prickly pear cactus, Hill’s oak, Clay-colored, Vesper and Lark Sparrows, Bobolinks and Upland Sandpipers. <br><br>Gazetter: Page 33, C-6. <br><br>Seasonality: Open all year during daylight hours. <br><br>Parking: Park along road at the southeast corner of the property. <br><br>Nearest food & lodging: In Muscoda 7 miles east, or Boscobel 7 miles west.",
29. Nelson Dewey State Park and Dewey Heighs Prairie State Natural Area,0,-91.016579,42.72955,"Towering bluffs along the Mississippi River, hidden valleys, and Dewey Creek give this 756-acre state park its character. Located within the park is Dewey Heights Prairie State Natural Area.",608/725-5374,,,,,,,"A hike along the bluff-top prairie provides panoramic views of the Mississippi River and river valley. From the pasque-flowers of early spring to the asters of fall, a diversity of plants bloom here throughout the season. In the spring and fall, dozens of migratory species join resident Lark, Field, and Grasshopper Sparrows. Bald Eagles winter along this stretch of the river and can be seen from November through March. <br><br>Phone:  <br><br>Web site: dnr.wi.gov <br><br>Signature Species: Eagles, Carolina Wren, Pileated Woodpecker & Cerulean Warbler. <br><br>Gazetter: Page 24, C-2. <br><br>Seasonality: Open all year. <br><br>Parking: Parking throughout park. <br><br>Nearest Food & lodging: Park offers campsites, or in Cassville 1.2 miles east of the park. <br><br>Fee: State park vehicle admission sticker required.",
31. Wyalusing State Park and Wyalusing Walnut Forest State Natural Area,0,-91.118975,42.991402,"Located at the confluence of the Mississippi and Wisconsin Rivers, Wyalusing is one of the best places along the river for birding. The 2,628- acre park offers a diversity of habitat that attracts many bird species.",608/996-2261,,,,,,,"Within the park, Wyalusing Walnut Forest State Natural Area lies on the north face of a 500 foothigh bluff overlooking the two rivers. The forest contains two nearly pure stands of black walnut trees, and spectacular spring wildflower displays. <br><br>Phone:  <br><br>Web Site: www.wiparks.net <br><br>Signature Species: Redshouldered Hawk, Kentucky and Prothonotary Warblers, Yellowbreasted Chat, Turkey Vultures and Whip-poor-wills. <br><br>Gazetter: Page 24, A-1. <br><br>Seasonality: Open all year. <br><br>Parking: Paved lots throughout property. <br><br>Nearest food & Lodging: Park has electric/non-electric sites for camping, or in Prairie du Chien 6 miles north, or in Bagley 1 mile north. <br><br>Fee: State park vehicle admission sticker required.",
32. Bauer Brockway Barrens State Natural Area,0,-90.738659,44.305793,Bauer-Brockway Barrens State Natural Area is a 240-acre sandy barrens with scattered open-grown jack pine and Hill’s Oak. The rare Karner blue butterfly thrives on the prairie’s wild lupine.,715/284-1400,,,,,,,"Other prairie plants include June grass, little bluestem grass, sand primrose, bird’s-foot violet, western sunflower and cream wild indigo. Shrubs such as American hazelnut and New Jersey Tea provide singing platforms for many grassland birds including Field and Vesper sparrow, Nashville and Prairie Warblers, Indigo Bunting, and Eastern Towhee. <br><br>Phone:  <br><br>Web site: dnr.wi.gov <br><br>Signature Species: Karner blue butterfly, Eastern Kingbird and Willow Flycatcher. <br><br>Gazetteer: Page 50, B-3. <br><br>Seasonality: Open all year. <br><br>Parking: Parking area provided. <br><br>Nearest food & lodging: In Black River Falls, 2 miles southwest of site.",
33. Bear Bluff Peatlands,0,-90.367527,44.219,"The Bear Bluff Peatlands is a large and remote area of bogs, marshes, tamarack and spruce forests, upland oak forests and fens. The landscape is flat with scattered bluffs and mounds.",715/284-1400,,,,,,,"Upland areas are a good place to find Black-billed Cuckoos and Scarlet Tanagers. In the marshes, look for Green-winged Teal and Hooded Mergansers. The fens and peatlands host White-throated Sparrows, and Hermit, Nashville and Connecticut Warblers. Common Raven and Goldencrowned Kinglets are found in the areas dominated with spruce trees. Golden Eagles winter here along with Sharptailed Grouse and Northern Saw-whet Owls. <br><br>Phone:  (DNR) <br><br>Web site: dnr.wi.gov <br><br>Signature species: Timber Wolf, Golden-winged Warblers & Yellow-bellied Flycatcher <br><br>Gazetteer: Page 51, C-5 <br><br>Seasonality: Gravel roads are impassable in winter and at frost break-up in spring – use paved roads only at these times. <br><br>Note: This property is in private ownership; Wisconsin trespass laws apply. <br><br>Nearest food & lodging: In Millston, Tomah or Black River Falls.",
34. Black River State Forest & Dike 17,0,-90.619354,44.205343,"The Black River State Forest covers 67,000 acres in the heart of Jackson County. Unusual and unique geological features make the property unlike any other Wisconsin state forest.",715/284-4130,,,,,,,"Unglaciated buttes, sandstone hills and bluffs like Castle Mound are fun and interesting to explore. Dike 17 is considered by many to be the jewel of this state forest. The 3700- acre area is nearly half wildlife refuge. It harbors some unusual endangered and threatened species including massasauga rattlesnakes, timber wolves and Karner blue butterfies. Ospery and Bald Eagles can be seen overhead. <br><br>Phone:  or 284-1417 <br><br>Web site: dnr.wi.gov <br><br>Signature species: Bald Eagle, Timber Wolf & Karner blue butterfly. <br><br>Gazetteer: Page 50, B-4. <br><br>Seasonality: Open all year. <br><br>Parking: Parking lots throughout property. <br><br>Nearest food & lodging: In Black River Falls.",
35. Castle Mound Pine Forest State Natural Area,0,-90.827494,44.278761,Castle Mound Park is just south of the <br>city of Black River Falls. It is named for <br>the 400-year-old Cambrian sandstone <br>butte that rises 180 feet above the surrounding sand plain.,715/284-1400,,,,,,,"Cliffs up to 30 feet high chisel the park’s central backbone ridge. Boulders litter the forest floor beneath red and white pine, oak, birch, maple and aspen. Plants like large-leaved aster, wintergreen and partridge berry make up the ground layer vegetation. The Red-breasted Nuthatch, pine warbler, solitary vireo and Blackthroated Green Warblers are found here. Also seen are Broad-winged Hawks, Ovenbirds and Scarlet Tanagers. <br><br>Phone:  <br><br>Web site: dnr.wi.gov <br><br>Signature Species: Broad-winged Hawk, Blue-headed Vireo and Rose-breasted Grosbeak. <br><br>Gazetteer: Page 50, B-2. <br><br>Seasonality: Open all year. <br><br>Parking: Parking lot provided. <br><br>Nearest food & Lodging: In Black River Falls.",
36. Jay Creek Pine Forest State Natural Area,0,-90.501423,44.173832,"This property is a mix of wet to dry pinewoods developed on the flat and poorly drained soils of extinct Glacial Lake Wisconsin. The uplands are a northern dry-mesic forest of red and white pines, red maples and white oaks.",715/284-1400,,,,,,,"Of special interest is a site that runs along Jay Creek, a fast moving, cold-water stream populated by brook trout. This unusual community is a white pine and red maple swamp that grows on the gently sloping wet sand along the creek. Black spruce is a common tree near the stream along with paper and yellow birch and some tamarack. Interesting birds found here include Ovenbird, Pine, Canada and Black-throated Green Warbler and Blueheaded Vireo. <br><br>Phone:  <br><br>Web site: dnr.wi.gov <br><br>Signature Species: Veery, Redbreasted Nuthatch, and Pileated Woodpecker. <br><br>Gazetteer: Page 50, 4-C. <br><br>Seasonality: Open all year. <br><br>Parking: Parking area provided. <br><br>Nearest food & lodging: In Black River Falls or Tomah.",
37. Wazee Lake Recreation Area,0,-90.743465,44.294981,"The newest and largest County Park in Jackson County is Wazee Lake Recreation Area. The 1,300 property was the former Jackson County Iron Mine and Wazee Lake was the quarry.",715-284-3171,,,,,,,"The lake is the deepest inland lake in the state and is a popular destination for scuba diving. Miles of hiking trails and gravel bike trails will take you through prairies and forests. Wazee Lake is a clear, deep, non-motor lake that is great for fishing. It attracts many kinds of waterfowl, eagles and Osprey. <br><br>Phone:  <br><br>Web site: <br>www.wisconline.com/counties/Jackson <br><br>Signature species: Osprey, Grasshopper Sparrow, Wood Thrush. <br><br>Gazetteer: Page 50, B-3. <br><br>Seasonality: Open all year. <br><br>Parking: Parking lots provided. Nearest food & lodging: In Black River Falls. <br><br>Fees: Camping fees apply",
38. Goose Island County Park,0,-91.205063,43.734515,This county park is an island in the Mississippi River and is in the heart of the La Crosse District of the Upper Mississippi River National Wildlife and Fish Refuge. It is a wonderful spot to spend a day or more exploring the area on land or by water.,608-788-7018,,,,,,,"On the canoe trail, signs will direct you along a marked trail through the sloughs and backwaters surrounding this wooded island. Exploring the island by water is a great way to see muskrat, mink and deer. Goose Island is large and has 400 campsites that are available by reservation. There are many family-based activities here, but there is enough land to accommodate birders and wildlife viewers who appreciate quiet landscapes. This property is a great place to stop and pick up some waterfowl as well as songbirds and raptors for your checklist. <br><br>Phone:  <br><br>Web site: www.co.la-crosse.wi.us <br><br>Signature Species: Prothonotary Warblers. <br><br>Gazetteer: Page 40, B-1. <br><br>Seasonality: Open all year. <br><br>Parking: Parking Provided. <br><br>Nearest food & lodging: In La Crosse/Goose Island Campground.",
39. Myrick Park,0,-91.222315,43.822081,"Phone:  <br><br>Web site: www.bigfoot.com/~hfnc <br><br>Signature Species: Yellowthroated Vireo, Great Egret and Lincoln Sparrow <br><br>Gazetteer: Page 40, B-1. <br><br>Seasonality: Properties open dawn to dusk all year; Nature Center open Mon-Fri 9am-4pm, Sat-Sun 1-4 pm.",608/784-0303,,,,,,,<br><br>Parking: Parking lots at each property. <br><br>Nearest food & lodging: In La Crosse.,
39. Hixon Forest Nature Center,0,-91.217753,43.82207,"Phone:  <br><br>Web site: www.bigfoot.com/~hfnc <br><br>Signature Species: Yellowthroated Vireo, Great Egret and Lincoln Sparrow <br><br>Gazetteer: Page 40, B-1. <br><br>Seasonality: Properties open dawn to dusk all year; Nature Center open Mon-Fri 9am-4pm, Sat-Sun 1-4 pm.",608/784-0303,,,,,,,<br><br>Parking: Parking lots at each property. <br><br>Nearest food & lodging: In La Crosse.,
40. McGilvray Bridges & Van Loon State Wildlife Area,0,-91.298103,44.045525,"The 4,000-acre Van Loon State Wildlife Area contains six historic McGilvray arch truss bridges over the Black River built circa 1892. Hiking the paths from one bridge to the next is a wonderful way to see the bottomlands as well as all of the region’s woodpecker species, Bald Eagle and Red-shouldered Hawks.",608/785-9000,,,,,,,"The vast bottomlands offer year-round birding opportunities. In spring, high water in the Black River makes much of the land along Hwy. 53 impassable. However, the highway still offers good visual access to the landscape. <br><br>Phone:  <br><br>Web site: dnr.wi.gov or www.7bridgesrd.org <br><br>Signature Species: Indigo Bunting and American Redstart Warblers. <br><br>Gazatteer: Page 49, D-6. <br><br>Seasonality: Open all year. <br><br>Parking: Gravel parking lots. <br><br>Nearest food & lodging: In Trempealeau, Onalaska & La Crosse.",
41. Norskedalen Nature & Heritage Center,0,-90.989799,43.736996,"“The Norwegian Valley,” or Norskedalen, is a 400-acre cultural and historic site that includes a modern visitor center and museum, several restored log pioneer farmsteads, and five miles of hiking/ cross-country ski trails. The trails meander through a variety of habitats that are attractive to many species of birds and animals.",608/452-3424,,,,,,,"The flatter lands on these “Coulee” parcels (noted for their steep ridges and valleys) were once farmed. Today, these grassy fields attract meadowlarks, Sedge Wrens and Bobolinks. The property’s woodlands and ravines are home to Great Crested Flycatchers, White-eyed Vireo and Baltimore Orioles. <br><br>Phone:  <br><br>Web site: www.norskedalen.org <br><br>Signature Species: Black-billed Cuckoo, Tufted Titmouse & Eastern Bluebird. <br><br>Gazetteer: Page 40, C-2. <br><br>Seasonality: Nature trails open all year. Nature center open summer Mon-Sat 10am-6pm, Sun noon- 6pm; winter Mon-Fri 10am-4pm, Sun noon-4pm. <br><br>Parking: Parking lots. <br><br>Fee: Admission fees apply. <br><br>Nearest food & lodging: In Coon Valley, 3 miles south on Cty. PI.",
42. Upper Mississippi River National Wildlife & Fish Refuge - La Crosse District,0,-91.197907,43.873782,"Phone:  <br><br>Web site: www.fws.gov/midwest/lacrosse <br><br>Signature Species: Canvasback Ducks & Tundra Swans. <br><br>Gazetteer: Page 40, B-1.",608-783-8405,,,,,,,"<br><br>Seasonality: Open all year. <br><br>Parking: Parking lots provided. <br><br>Nearest food & lodging: In La Crosse, Alma & Trempealeau.",
45. Maiden Rock Bluff State Natural Area,0,-92.274942,44.50379,"Maiden Rock Bluff overlooks Lake Pepin and is one of Wisconsin’s premiere limestone cliff faces high above the Mississippi River. Extending for nearly a mile, the 400-foot-high bluff is home to nesting Peregrine Falcons; one of only six bluffs on the Mississippi River where the falcons successfully nest.",715/232-1517,,,,,,,"Hairbell, slender lip fern and many other cliff dwelling plants grow here along with 250- year-old red cedars. The open cliff and adjacent dry prairie provide habitat for rare prairie plants. The rocky bluff provides hunting perches and habitat for other raptors including Golden Eagles, Bald Eagles and Turkey Vultures. <br><br>Phone:  <br><br>Web site: dnr.wi.gov <br><br>Signature Species: Peregrine Falcon, Bald Eagle, & Turkey Vulture. <br><br>Gazetteer: Page 58, C-1. <br><br>Seasonality: Open all year. <br><br>Parking: Parking area at site. <br><br>Nearest food & lodging: In Stockholm.",
46. Nine Mile Island State Natural Area,0,-91.908703,44.676466,"Accessible only by canoe, Nine Mile Island lies within the Chippewa River and Nine Mile Slough ecosystem. Most of this 900-acre island is floodplain forest.",715/232-1517,,,,,,,"Silver maple, green ash and swamp white oak mix with silver maple and river birch attracting Cerulean, Black and white and Prothonotary warblers along with Red-shouldered Hawks. The northeast corner of the island is sandy with high quality oak barrens of Hill’s, burr and red oaks. Here one can find Field and Lark Sparrows and Gray Catbirds. Prairie plants like the white wild indigo, stiff goldenrod and rough blazing-star grow among big and little bluestem grasses and three species of drop-seed. <br><br>Phone:  <br><br>Web site: dnr.wi.gov <br><br>Signature Species: Prothonotary and Black-and white Warblers. <br><br>Gazetteer: Page 60, C-1. <br><br>Seasonality: Open all year. <br><br>Parking: Boat landing on island. <br><br>Nearest food & lodging: In Durand.",
47. Freedom Park Learning Center,0,-92.776748,44.739274,"Located at the confluence of the St. Croix and Mississippi Rivers, Freedom Park is one of the best places to birdwatch in the area.",715/262-5544,http://prescottwi.org/prescott.html,,,,,,"The large number of hawks, songbirds and raptors that migrate through this area in the spring and fall are impressive. This bluff-top location gives you a fantastic view of the river for many miles to the north and south. In late winter and into spring, Bald Eagles are seen here in good numbers. The eagles follow the melting ice as it recedes, and they are joined on their journey north by large numbers of Red-shouldered, Broadwinged and Red-tailed Hawks in migration. <br><br>Phone:  <br><br>Web site:  <br><br>Signature Species: Bald Eagles & Turkey Vultures. <br><br>Gazeteer: Page 58, B-2. <br><br>Seasonality: Open all year. <br><br>Parking: Parking lot provided. <br><br>Nearest food & lodging: In Prescott.",
48. Kinnickinnic State Park & Delta State Natural Area,0,-92.733879,44.919112,Kinnickinnic State Park straddles the large sandy delta where the Kinnickinnic River meets the St. Croix River.,715/425-1129,,,,,,,"This 1,239-acre park offers panoramic views of the river gorge as well as secluded hiking trails that traverse both prairie and upland forests holding Sedge Wrens, Bobolinks, Eastern Kingbirds, Clay-colored and Grasshopper Sparrows, Pine and Mourning Warblers, and Eastern Bluebirds. There is a large swimming area and boat-in camping at the delta. The river here stays open all winter long holding Common Mergansers, Canada Geese and Common Goldeneyes. Bald Eagles also use the area year around. The 100-acre Kinnickinnic River Gorge and Delta State Natural Area is a deep valley of sandstone and limestone cut by glacial drift. This undisturbed river valley holds an amazing variety of birds; more than 200 species have been sighted in the park, and 120 of these use the park for nesting. <br><br>Phone:  <br><br>Web site: www.wiparks.net <br><br>Signature species: Northern Waterthrush, Common Mergansers and Blackburnian Warblers. <br><br>Gazetteer: Page 58, B-2. <br><br>Seasonality: Open all year. <br><br>Parking: Parking lots provided. <br><br>Nearest food & lodging: In River Falls, 7 miles east. <br><br>Fee: State Park fees apply.",
49. Morgan Coulee Prairie State Natural Area,0,-92.297688,44.609779,"This 54-acre property is a jewel; one of the last large-scale, mostly undisturbed dry prairies left in this part of the state. Morgan Coulee Prairie extends more than a half-mile along a steep, southfacing bluff in a coulee opening onto the Rush River Valley.",608/685-6222,,,,,,,"The large prairie is broken with scattered islands of bur oak savanna dominated by open grown oaks and shallow wooded draws. Grasses found here include big and little blue-stem, side-oats and prairie drop-seed. Wildflowers, called forbes, include asters, milkweeds, bergamot and western sunflower. Shrubs include hazelnut, bettersweet, smooth sumac, and dogwoods. Darting among the flowers are Reakert’s blue butterflies. <br><br>Phone:  <br><br>Web site: dnr.wi.gov <br><br>Signature Species: Eastern Bluebird, Field Sparrow and Eastern Kingbird. <br><br>Gazetteer: Page 59, D-6. <br><br>Seasonality: Open all year. <br><br>Parking: Parking along the road. <br><br>Nearest food & lodging: In Bay City, 9 miles east.",
50. Nugget Lake County Park,0,-92.221212,44.689586,"Nugget Lake County Park is a 752-acre semi-wilderness park with a 116-acre lake as its centerpiece. It is located in an area of the county known by geologists as the “Rock Elm (shale) Disturbance,” a four-mile diameter semicircular meteorite impact site.",715/639-5611,,,,,,,"The large asteroid landed in this area with the energy equivalent of 63,000 Hiroshima-sized bombs more than 400 million years ago. The impact area remained as a shallow sea for millions of years. Nuggets of gold and diamonds discovered near Nugget Lake resulted in it’s name. <br><br>Phone:  <br><br>Web site: www.co.pierce.wi.us/nugget_lake/nl_main.htm <br><br>Signature Species: Bald Eagle, American Redstart Warblers and Barred Owl. <br><br>Gazetteer: Page 59, C-7. <br><br>Seasonality: Open all year. <br><br>Parking: Parking lots provided. <br><br>Nearest food & lodging: In Plum city, 4.5 miles south of the park. <br><br>Fees: Park fees apply.",
51. Rush River Delta State Natural Area,0,-92.330904,44.569009,The Rush River Delta protects a floodplain forest at the mouth of the Rush River where it flows into Lake Pepin on the Mississippi River. Lowland hardwoods dominate the 325-acre property.,608/685-6222,,,,,,,"These loodplain forest areas are very important to breeding birds like the Red-shouldered Hawk, Acadian Flycatcher, and Cerulean and Prothonotary Warblers. The delta also holds a small Great Blue Heron rookery. A sand spit extending into Lake Pepin provides nesting habitat for turtles and feeding and nesting areas for shorebirds including Forester’s and Common Terns. Mallard Ducks and Wood Ducks use the areas extensively. <br><br>Phone:  <br><br>Web site: dnr.wi.gov <br><br>Signature Species: Baltimore Oriole, Yellow-throated vireo and Acadian Flycatcher. <br><br>Gazetteer: Page 59, D-5. <br><br>Seasonality: Open all year. <br><br>Parking: Parking area provided. <br><br>Nearest food & lodging: In Maiden Rock just a mile southeast of the delta.",
52. Trenton Bluff Prairie State Natural Area,0,-92.542648,44.611246,This 110-acre site consists of two units of dry prairie situated on steep 300-foot Mississippi River sandstone bluffs capped by massive limestone cliffs. These are some of the best prairies remaining in the region.,608/685-6222,,,,,,,"The western unit has two prairie openings with a wooded draw running between them. The eastern unit is steeper with an open cliff and oak woods. Bobolinks, Grasshopper and Clay-colored Sparrows are found here along with hognose snakes, olive hairstreak and Reakert’s blue butterflies. Bald Eagles and Turkey Vultures glide by on early morning and late afternoon thermal winds and give one a great opportunity to see these birds at bluff-top levels and admire their aerial skills. <br><br>Phone:  <br><br>Web site: www.dnr.state.wi.us <br><br>Signature species: Peregrine Falcon, hognose snake, Eastern Kingbird. <br><br>Gazetteer: Page 58, D-4. <br><br>Seasonality: Open all year. <br><br>Parking: Parking along roadside. <br><br>Nearest food & lodging: In Hager City 1.5 miles east, and in Bay City 5 miles east.",
53. Cylon Marsh & Cylon Wildlife Area,0,-92.336655,45.179254,"Cylon Marsh is a 513-acre site leased by the DNR. It is located on the northern end of Cylon Wildlife Area, a 2,345-acre property.",715/684-2914,,,,,,,"The combination of the two provides marsh, old fields, woodlands and wetlands for a good variety of wildlife. Woodcock can be observed during their courtship flights in the spring. Ruffed Grouse, pheasants and a variety of waterfowl can also be found here. Birding along the trails will produce Song Sparrows, Eastern Kingbirds and Willow Flycatchers. Abundant wild berries grow here. <br><br>Phone:  <br><br>Web site: dnr.wi.gov <br><br>Signature Species: Woodcock and Ruffed Grouse. <br><br>Gazetteer: Page 71, C-6. <br><br>Seasonality: Open all year. <br><br>Parking: Parking lots provided in several locations. <br><br>Nearest food & lodging: In Deer Park or New Richmond.",
54. Eau Galle Lake Recreation Area,0,-92.245932,44.861588,"This 630-acre property offers a pair of day-use areas and a campground. A 150-acre lake, swimming beach, hiking trails, boat launch and good fishing make it a popular summer destination.",715/778-5562,,,,,,,"Eau Galle Lake hosts resident Bald Eagles and Osprey. Broad-winged Hawks, American Kestrels and Great Horned Owls nest in the woods along with the Wood Thrush, Eastern Pewee, Indigo Bunting American Woodcock, Ruffed Grouse, Black-billed Cuckoo, and Ruby-throated Hummingbirds. On the water you might spot a Belted Kingfisher, Sora, Virginia Rail, Great Blue Heron, Great Egret, and Spotted Sandpiper. Along the Ox Trail, you’ll find a nice mix of warblers including Black-and-white, American Redstart, Yellow and Chestnut-sided. <br><br>Phone:  <br><br>Web site: www.mvp.usace.army.mil <br><br>Signature Species: Bald Eagle & Osprey. <br><br>Gazetteer: Page 59, B-6. <br><br>Seasonality: Open all year. <br><br>Parking: Parking lots throughout property. <br><br>Nearest food & lodging: In Spring Valley just south of the park. <br><br>Fees: User fees apply.",
55. Oak Ridge Lake & National Waterfowl Production Area (WPA),0,-92.48909,45.182521,"At 149 acres, Oak Ridge Lake is a major stopover lake during migration for Tundra and Trumpeter Swans. Many types of ducks, herons and egrets stay here all summer.",715/684-2914,,,,,,,"Mallards, Green and Blue-wing Teal, and Northern Shoveler use the grasslands for nesting and rear their young on the lake. As you drive around the property, look for Shorteared Owls, Northern Harriers and Grasshopper and Clay-colored Sparrows, Dickcissels, Willow Flycatchers, Sedge Wrens, Yellow-headed Blackbirds and Long-billed Marsh Wrens. WPA properties are purchased with the monies hunters spend on federal and state Duck Stamps and are managed for the production and harvest of waterfowl. <br><br>Phone:  <br><br>Web site: dnr.wi.gov <br><br>Signature Species: Le Conte’s Sparrow, Short-eared Owls and Northern Harriers. <br><br>Gazetteer: Page 71, C-4. <br><br>Parking: Parking areas provided. <br><br>Nearest food & lodging: In New Richmond, six miles southwest.",
56. St. Croix Islands State Wildlife Area,0,-92.735252,45.16449,The Apple River and St. Croix River come together in a delta called the St.,715/684-2914,,,,,,,"Croix Islands. These scattered oak and maple tree-covered islands range in size and are easy to access by canoe or kayak from the St. Croix River. During the spring migration nearly every type of duck, goose or swan in Wisconsin travels through this area. This important migratory route also serves many species of raptors including Bald Eagles, Osprey, Red-shouldered Hawk, Turkey Vultures, and Northern Harriers. Wooded corridors along the Apple River hold Wood Thrush, Winter Wren, Pileated and Red-headed Woodpeckers, Eastern Towhees and Louisiana Waterthrush. Summer nesters include the Ruddy Duck, Green-wing teal and American Bitterns. Osprey nest here also along with Bald Eagles and Great Blue Herons. <br><br>Phone:  <br><br>Web site: dnr.wi.gov <br><br>Signature Species: Ring-necked Duck, Canvasback Duck and Bald Eagle. <br><br>Gazetteer: Page 70, C-3. <br><br>Seasonality: Open year round. <br><br>Parking: Parking lot provided. <br><br>Nearest food & lodging: In Somerset, three miles southeast.",
57. Willow River State Park,0,-92.668476,45.022825,"At 2,891 acres, Willow River State Park has varied habitats to explore. The prairies provide good looks at Grasshopper and Clay-colored Sparrows, Eastern and Western Meadowlarks, Bobolinks and Sedge Wrens.",715/386-5931,,,,,,,"Along the edges of the prairies in the shrub layer, look for Gray Catbirds, House Wrens, and Indigo Buntings. Fields and woodlands hold Eastern Bluebirds, Tree Swallows, Scarlet Tanagers and Rose-breasted Grosbeaks. The park itself offers a campground, Little Falls Lake, a boat launch, swimming beach, nature center and gift shop. Panoramic views of the Willow River waterfall and Willow River Gorge can be enjoyed from several trails and overlooks. <br><br>Phone:  <br><br>Web site: www.wipark.net <br><br>Signature species: Henslow’s Sparrow, Yellow –rumped Warblers and Meadowlarks. <br><br>Gazetteer: Page 70, D-3. <br><br>Seasonality: Open all year. <br><br>Parking: Parking lots provided. <br><br>Nearest food & lodging: In Hudson just south of the park. <br><br>Fee: Park fees apply.",
58. Willow River State Wildlife Area & Three Lakes National Waterfowl Producation Area,0,-92.603931,45.043812,"Prairie potholes are small, shallow lakes that are somewhat rare in Wisconsin. Surrounded by open grassland, they are irresistible to marshland songbirds and waterfowl of all types.",715/684-2914,,,,,,,"The Willow River SNA and Three Lakes are a collection of small lakes that attract Ruddy Ducks, Blue-wing, Northern Shoveler and Canada Geese in good numbers. Herons and egrets and gulls use the area along with Pied-billed Grebes. In the grasslands surrounding the potholes, you’ll find Sedge Wrens, Dickcissels, Bobolinks, Western Meadowlarks, and Common Yellowthroated Warblers, as well as Grasshopper Sparrows, Northern Harriers and Short-eared Owls. <br><br>Phone:  <br><br>Web site: dnr.wi.gov <br><br>Signature Species: Yellowheaded Blackbirds and Black Terns. <br><br>Gazetteer: Page 70, D-3. <br><br>Seasonality: Open all year. <br><br>Parking: Parking lots provided. <br><br>Nearest food & lodging: In Hudson, about 6 miles southwest.",
60. Perrot State Park,0,-91.455603,44.008991,"Perrot State Park covers 1,270 acres along the Mississippi River just west of Trempealeau. It is a mixture of wooded hills, bluffs, ravines and lagoons.",608/534-6409,,,,,,,"The park is an excellent place to visit during spring and fall bird migrations offering good looks at migrating waterfowl, songbirds and Bald Eagles. The park encompasses two state natural areas: Brady’s Bluff Prairie is a 65-acre dry prairie found on the southwest facing slope of a steep bluff that rises nearly 460 feet above the river; and Trempealeau Mountain State Natural Area, a wooded rock formation that rises 425 feet from the river. It is accessible by boat or canoe. <br><br>Phone:  <br><br>Web site: www.wiparks.net <br><br>Signature Species: Scarlet Tanagers, Orchard Orioles and Bald Eagles. <br><br>Gazatteer: Page 49, D-5. <br><br>Seasonality: Open all year during daylight hours – park fees apply. <br><br>Parking: Parking lots throughout area. <br><br>Nearest food & lodging: In Trempealeau.",
61. Trempealeau Lakes State Wildilfe Area,0,-91.432514,43.998989,"The Trempealeau Lakes State Wildlife Area is only 164 acres in size, but has a mix of habitats that draw a nice variety of animals and birds. The lakes are separated from the Mississippi River by marshes and are ringed with floodplain forests of maple and river birch.",715/284-1400,,,,,,,"Canoe or hike the area to see cuckoos, Redshouldered Hawk and Belted Kingfishers. Great Horned and Barred Owls nest here along with Pileated and Red-bellied Woodpeckers. In the winter, springs keep part of the lakes open for birds like the Great Blue Heron who sometimes winter here. Prairie restorations hold grassland birds including Song Sparrows, Common Yellowthroats and Willow Flycatchers. The lakes are host to many species of waterfowl. <br><br>Phone:  <br><br>Web site: dnr.wi.gov <br><br>Signature species: Bald Eagles and Great Egrets. <br><br>Gazetteer: Page 48, D-5. <br><br>Seasonality: Open all year. <br><br>Parking: Parking lot provided. <br><br>Nearest food & lodging: In Trempealeau, 2 miles west.",
62. Trempealeau National Wildlife Refuge,0,-91.519547,44.05083,"Established in 1936, this 6,220-acre US Fish & Wildlife Service refuge is considered one of the best bird watching properties in the Midwest with many amenities including an interpretive center, boardwalks, observation platforms, and a well-marked auto tour. The refuge’s uplands, bottomland hardwood forest and marshes produce good birds in any season.",608/539-2311,http://midwest.fws.gov/trempealeau,,,,,,"<br><br>Phone:  <br><br>Web site:  <br><br>Signature Species: Black Terns, Grasshopper Sparrow and American Bittern. <br><br>Gazetteer: Page 48, D-4. <br><br>Seasonality: Open all year during daylight hours. <br><br>Parking: Parking lots throughout refuge. <br><br>Nearest food & lodging: In Centerville & Trempealeau.",
63. Duck Egg County Forest,0,-91.004219,43.604075,"At 707 acres, Duck Egg County Forest is managed for timber. But it’s also a flood control project on the North Fork of the Bad Axe River.",608/637-5485,http://lwcd.org/parks.htm,,,,,,"The Duck Egg Flood Control Dam is large; its spillways and pools attract waterfowl and herons. Hiking trails take you up steep valleys to a hilltop overlook of the spillways. The wooded hillsides are filled with warblers in the spring and fall and the wooded countryside provides a colorful display in the fall. <br><br>Phone:  <br><br>Web site:  <br><br>Signature Species: Cooper’s Hawk, Bald Eagles and Eastern Bluebirds. <br><br>Gazetteer: Page 40, D-3. <br><br>Seasonality: Open all year. <br><br>Parking: Parking lot provided. <br><br>Nearest food & lodging: In Viroqua, 10 miles sourtheast.",
64. Genoa National Fish Hatchery,0,-91.212959,43.525153,"The Genoa National Fish Hatchery rears 23 species of fish including trout, northern pike, and walleye. Guided and self-guided tours are offered.",608/689-2605,,,,,,,"The area has 17 open-air ponds and 6 raceways. Because of its location at the confluence of the Bad Axe and Mississippi Rivers, the La Crosse Chapter of the Audubon Society ranks the hatchery as a top location for bird watching. On a walk among the rearing ponds, backwaters and sloughs you might see Great Egrets, Solitary Sandpipers, Green Herons, resident Bald Eagles, and Pileated and Red-headed Woodpeckers. <br><br>Phone:  <br><br>Web site: www.fws.gov/midwest/genoa/ <br><br>Signature Species: Dowitchers, plovers, herons and egrets. <br><br>Gazetter: Page 40, D-1. <br><br>Seasonality: Open year round. <br><br>Parking: Parking lot. <br><br>Nearest food & lodging: In Genoa, 4 miles north on Hwy 35.",
65. Kickapoo Valley Reserve,0,-90.628624,43.603889,"Located in the heart of the Driftless Area, the 8,600-acre reserve is a recreation area owned by the State of Wisconsin and the Bureau of Indian Affairs. The reserve’s habitat includes the secluded valley of the Kickapoo River, its forested hillsides and sandstone cliffs.",,http://kvr.state.wi.us,,,,,,"Broad-winged Hawks, Winter Wrens and Black-throated Green Warblers can be found here. The property’s northern border abuts Wildcat Mountain State Park. Stop at the reserve’s brand-new visitor center for maps and interpretive displays. <br><br>Phone: 608/625- 2960 <br><br>Web site:  <br><br>Signature Species: Acadian Flycatcher, Cerulean and Kentucky Warblers. <br><br>Gazetter: Page 41, D-5. <br><br>Seasonality: Reserve open yearround; the Visitor Center is open daily MD-Oct, 8am- 4:30pm; closed Sun Oct-MD. <br><br>Parking: Parking at visitor center and day-use lots. <br><br>Nearest food & lodging: In La Farge 1.5 miles south, or Ontario 4 miles north.",
66. Old Settler's Park & Genoa Power Plant,0,-91.232014,43.555391,"Old Settler’s Park is a wonderful place to stop and view the Mississippi River, look for birds, or enjoy a leisurely picnic. From the park you can see Turkey Vultures and Red-tailed Hawks, Doublecrested Cormorants, eagles, Osprey and Peregrine Falcons glide along the bluffs to the east.",608/689-2335,http://www.dairynet.com/,,,,,,"The Genoa Power Plant, just south of Genoa, has hosted nesting Peregrine Falcons since 1998 when a nest box was installed on the southwest stack. You can park at a boat landing south of the plant. Look for adults in March through April, and through July if they’ve brought off a brood of young. <br><br>Phone:  <br><br>Web site:  <br><br>Signature Species: Ospreys and Peregrine Falcons. <br><br>Gazetter: Page 40, D-1. <br><br>Seasonality: Open all year. <br><br>Parking: Parking lot and picnic area. <br><br>Nearest food & lodging: In Genoa.",
67. Mt. Pisgah Hemlock-Hardwoods State Natural Area,0,-90.580902,43.690839,"This 3,600-acre park offers a variety of habitat. Oak, maple, birch, and poplar dominate the forested valleys.",608/337-4775,,,,,,,"Birds on the property include Chestnut-sided Warbler, Ovenbird and Rose-breasted Grosbeak. Within the park, Mt. Pisgah Hemlock-Hardwoods is accessed via the Hemlock Trail south to the site. The Kickapoo River meanders here among steep bluffs with relict stands of hemlock and yellow birch, with scattered white pine. The sandstone cliffs support rare plants and many interesting and hard to find species of birds such as Louisiana Waterthrush, Cerulean and Kentucky Warblers, and Acadian Flycatcher. The views of the Kickapoo Valley from the park’s observation overlooks are quite dramatic. <br><br>Phone:  or 608/785-9000 <br><br>Web Site: www.wiparks.net <br><br>Signature Species: Eastern Wood Pewee & Great Crested Flycatcher. <br><br>Gazetter: Page 41, C-6. <br><br>Seasonality: Open all year. <br><br>Parking: Parking Lot at picnic area. <br><br>Fee: Park admission fees apply. Camping fees are additional. <br><br>Nearest Food & Lodging: In Ontario, 3 miles north on Hwy 33.",
67. Wildcat Mountain State Park,0,-90.570173,43.702071,"This 3,600-acre park offers a variety of habitat. Oak, maple, birch, and poplar dominate the forested valleys.",608/337-4775,,,,,,,"Birds on the property include Chestnut-sided Warbler, Ovenbird and Rose-breasted Grosbeak. Within the park, Mt. Pisgah Hemlock-Hardwoods is accessed via the Hemlock Trail south to the site. The Kickapoo River meanders here among steep bluffs with relict stands of hemlock and yellow birch, with scattered white pine. The sandstone cliffs support rare plants and many interesting and hard to find species of birds such as Louisiana Waterthrush, Cerulean and Kentucky Warblers, and Acadian Flycatcher. The views of the Kickapoo Valley from the park’s observation overlooks are quite dramatic. <br><br>Phone:  or 608/785-9000 <br><br>Web Site: www.wiparks.net <br><br>Signature Species: Eastern Wood Pewee & Great Crested Flycatcher. <br><br>Gazetter: Page 41, C-6. <br><br>Seasonality: Open all year. <br><br>Parking: Parking Lot at picnic area. <br><br>Fee: Park admission fees apply. Camping fees are additional. <br><br>Nearest Food & Lodging: In Ontario, 3 miles north on Hwy 33.",
